n_dim,success_rate_dfo,train_time_dfo,inference_time_dfo,success_rate_q3cibc,train_time_q3cibc,inference_time_q3cibc,num_seeds
2,0.920000,7208.2,186.4,0.940000,976.8,1.8,50
3,0.880000,7208.2,186.4,0.90000,976.8,1.8,50
4,0.940000,7208.2,186.4,0.960000,976.8,1.8,50
5,0.920000,,180.4,0.920000,976.8,1.5,50
6,0.980000,11734.7,203.8,0.94000,1054.7,1.7,50
8,0.99000, 21139.1,187.2,0.980000,1232.0,14.9,50
