==========================================
Batch:   pushtWidowXdpCam1
Tag:     003
Node:    d14-17
JobId:   10553489
Start:   Fri Jul 24 15:21:09 PDT 2026
==========================================
Dataset:    /home1/halbertb/Q3CIBC/data/pusht_widowx_data.zip  (format=zarr_video)
Seed:       11   tag=e03_conv_s11
Pred type:  v
Idle filter:drop_zero (eps=0.0)
Config:     /home1/halbertb/Q3CIBC/checkpoints/pusht_real_dp/e03_conv_s11/config.json
Checkpoints:/home1/halbertb/Q3CIBC/checkpoints/pusht_real_dp/e03_conv_s11
PushTWidowXVideoDataset: 150 episodes, 72988 frames, cameras=[1], frame_stack=2, action_chunk=1, action_shape=2, state_shape=(6, 240, 320), raw action range=[-0.008 -0.008] -> [0.008 0.008]
  split=train (15/150 episodes held out); idle_filter='drop_zero' -> 49981/72988 transitions kept (68.5%); zero-action share now 0.0%
PushTWidowXVideoDataset: 150 episodes, 72988 frames, cameras=[1], frame_stack=2, action_chunk=1, action_shape=2, state_shape=(6, 240, 320), raw action range=[-0.008 -0.008] -> [0.008 0.008]
  split=val (15/150 episodes held out); idle_filter='drop_zero' -> 5440/72988 transitions kept (7.5%); zero-action share now 0.0%
Held-out val: 5440 samples (10% of episodes, seed 0)
PixelDiffusionDenoiser (conv_maxpool x1cam + DenseResnet 1024x1, v-pred): 2,428,578 params
Training 750000 steps: batch=128, lr=0.0003 (cosine -> 1e-06), T=100 cosine, EMA 0.999
  Step 500/750000 | Loss: 0.475731 | LR: 3.00e-04 | 551.8s
  Step 1000/750000 | Loss: 0.400973 | LR: 3.00e-04 | 657.1s
  Step 1500/750000 | Loss: 0.380384 | LR: 3.00e-04 | 762.0s
  Step 2000/750000 | Loss: 0.369537 | LR: 3.00e-04 | 866.4s
  Step 2500/750000 | Loss: 0.357546 | LR: 3.00e-04 | 970.0s
  Step 3000/750000 | Loss: 0.346022 | LR: 3.00e-04 | 1074.2s
  Step 3500/750000 | Loss: 0.336325 | LR: 3.00e-04 | 1178.4s
  Step 4000/750000 | Loss: 0.334528 | LR: 3.00e-04 | 1281.6s
  Step 4500/750000 | Loss: 0.328730 | LR: 3.00e-04 | 1383.3s
  Step 5000/750000 | Loss: 0.321541 | LR: 3.00e-04 | 1487.4s
  Step 5500/750000 | Loss: 0.315584 | LR: 3.00e-04 | 1590.0s
  Step 6000/750000 | Loss: 0.310316 | LR: 3.00e-04 | 1694.3s
  Step 6500/750000 | Loss: 0.306688 | LR: 3.00e-04 | 1798.6s
  Step 7000/750000 | Loss: 0.303948 | LR: 3.00e-04 | 1905.8s
  Step 7500/750000 | Loss: 0.301084 | LR: 3.00e-04 | 2011.3s
  Step 8000/750000 | Loss: 0.295307 | LR: 3.00e-04 | 2117.9s
  Step 8500/750000 | Loss: 0.294126 | LR: 3.00e-04 | 2227.2s
  Step 9000/750000 | Loss: 0.289067 | LR: 3.00e-04 | 2335.7s
  Step 9500/750000 | Loss: 0.285230 | LR: 3.00e-04 | 2443.8s
  Step 10000/750000 | Loss: 0.284024 | LR: 3.00e-04 | 2553.1s
  Step 10500/750000 | Loss: 0.278643 | LR: 3.00e-04 | 2663.6s
  Step 11000/750000 | Loss: 0.276646 | LR: 3.00e-04 | 2771.1s
  Step 11500/750000 | Loss: 0.272662 | LR: 3.00e-04 | 2876.1s
  Step 12000/750000 | Loss: 0.270895 | LR: 3.00e-04 | 2982.7s
  Step 12500/750000 | Loss: 0.266130 | LR: 3.00e-04 | 3090.7s
  Step 13000/750000 | Loss: 0.264404 | LR: 3.00e-04 | 3199.0s
  Step 13500/750000 | Loss: 0.261666 | LR: 3.00e-04 | 3304.6s
  Step 14000/750000 | Loss: 0.260102 | LR: 3.00e-04 | 3410.0s
  Step 14500/750000 | Loss: 0.258084 | LR: 3.00e-04 | 3518.7s
  Step 15000/750000 | Loss: 0.250532 | LR: 3.00e-04 | 3627.2s
  Step 15500/750000 | Loss: 0.248416 | LR: 3.00e-04 | 3736.4s
  Step 16000/750000 | Loss: 0.246713 | LR: 3.00e-04 | 3840.5s
  Step 16500/750000 | Loss: 0.242159 | LR: 3.00e-04 | 3943.8s
  Step 17000/750000 | Loss: 0.239922 | LR: 3.00e-04 | 4047.7s
  Step 17500/750000 | Loss: 0.236725 | LR: 3.00e-04 | 4153.8s
  Step 18000/750000 | Loss: 0.237079 | LR: 3.00e-04 | 4260.7s
  Step 18500/750000 | Loss: 0.229729 | LR: 3.00e-04 | 4366.7s
  Step 19000/750000 | Loss: 0.234395 | LR: 3.00e-04 | 4475.8s
  Step 19500/750000 | Loss: 0.228329 | LR: 3.00e-04 | 4584.6s
  Step 20000/750000 | Loss: 0.230798 | LR: 2.99e-04 | 4696.4s
  Step 20500/750000 | Loss: 0.225687 | LR: 2.99e-04 | 4807.5s
  Step 21000/750000 | Loss: 0.226129 | LR: 2.99e-04 | 4916.9s
  Step 21500/750000 | Loss: 0.223308 | LR: 2.99e-04 | 5027.8s
  Step 22000/750000 | Loss: 0.218548 | LR: 2.99e-04 | 5138.8s
  Step 22500/750000 | Loss: 0.218798 | LR: 2.99e-04 | 5249.0s
  Step 23000/750000 | Loss: 0.216087 | LR: 2.99e-04 | 5358.7s
  Step 23500/750000 | Loss: 0.215106 | LR: 2.99e-04 | 5468.9s
  Step 24000/750000 | Loss: 0.211308 | LR: 2.99e-04 | 5578.7s
  Step 24500/750000 | Loss: 0.212256 | LR: 2.99e-04 | 5689.9s
  Step 25000/750000 | Loss: 0.205965 | LR: 2.99e-04 | 5801.5s
  [val] step 25000/750000 | held-out sampled-action MAE (ddim5): 0.24476
  Step 25500/750000 | Loss: 0.205037 | LR: 2.99e-04 | 5973.9s
  Step 26000/750000 | Loss: 0.203614 | LR: 2.99e-04 | 6081.9s
  Step 26500/750000 | Loss: 0.204066 | LR: 2.99e-04 | 6190.7s
  Step 27000/750000 | Loss: 0.201343 | LR: 2.99e-04 | 6302.3s
  Step 27500/750000 | Loss: 0.196879 | LR: 2.99e-04 | 6413.2s
  Step 28000/750000 | Loss: 0.196016 | LR: 2.99e-04 | 6523.2s
  Step 28500/750000 | Loss: 0.196391 | LR: 2.99e-04 | 6632.3s
  Step 29000/750000 | Loss: 0.194794 | LR: 2.99e-04 | 6743.1s
  Step 29500/750000 | Loss: 0.196043 | LR: 2.99e-04 | 6855.0s
  Step 30000/750000 | Loss: 0.193939 | LR: 2.99e-04 | 6966.8s
  Step 30500/750000 | Loss: 0.188458 | LR: 2.99e-04 | 7078.0s
  Step 31000/750000 | Loss: 0.189703 | LR: 2.99e-04 | 7188.0s
  Step 31500/750000 | Loss: 0.190435 | LR: 2.99e-04 | 7297.4s
  Step 32000/750000 | Loss: 0.186154 | LR: 2.99e-04 | 7407.2s
  Step 32500/750000 | Loss: 0.184286 | LR: 2.99e-04 | 7516.1s
  Step 33000/750000 | Loss: 0.184231 | LR: 2.99e-04 | 7625.8s
  Step 33500/750000 | Loss: 0.182772 | LR: 2.99e-04 | 7737.8s
  Step 34000/750000 | Loss: 0.184339 | LR: 2.98e-04 | 7849.2s
  Step 34500/750000 | Loss: 0.182626 | LR: 2.98e-04 | 7960.0s
  Step 35000/750000 | Loss: 0.181986 | LR: 2.98e-04 | 8071.1s
  Step 35500/750000 | Loss: 0.176810 | LR: 2.98e-04 | 8181.3s
  Step 36000/750000 | Loss: 0.178685 | LR: 2.98e-04 | 8291.7s
  Step 36500/750000 | Loss: 0.175716 | LR: 2.98e-04 | 8403.8s
  Step 37000/750000 | Loss: 0.180258 | LR: 2.98e-04 | 8514.5s
  Step 37500/750000 | Loss: 0.172278 | LR: 2.98e-04 | 8624.6s
  Step 38000/750000 | Loss: 0.173944 | LR: 2.98e-04 | 8733.6s
  Step 38500/750000 | Loss: 0.175850 | LR: 2.98e-04 | 8844.3s
  Step 39000/750000 | Loss: 0.171148 | LR: 2.98e-04 | 8953.7s
  Step 39500/750000 | Loss: 0.170017 | LR: 2.98e-04 | 9064.7s
  Step 40000/750000 | Loss: 0.169888 | LR: 2.98e-04 | 9176.4s
  Step 40500/750000 | Loss: 0.168267 | LR: 2.98e-04 | 9286.1s
  Step 41000/750000 | Loss: 0.166502 | LR: 2.98e-04 | 9397.0s
  Step 41500/750000 | Loss: 0.165449 | LR: 2.98e-04 | 9507.3s
  Step 42000/750000 | Loss: 0.165538 | LR: 2.98e-04 | 9615.7s
  Step 42500/750000 | Loss: 0.166265 | LR: 2.98e-04 | 9725.0s
  Step 43000/750000 | Loss: 0.162373 | LR: 2.98e-04 | 9834.5s
  Step 43500/750000 | Loss: 0.163429 | LR: 2.98e-04 | 9941.5s
  Step 44000/750000 | Loss: 0.163446 | LR: 2.97e-04 | 10050.0s
  Step 44500/750000 | Loss: 0.161031 | LR: 2.97e-04 | 10157.9s
  Step 45000/750000 | Loss: 0.162710 | LR: 2.97e-04 | 10266.7s
  Step 45500/750000 | Loss: 0.160260 | LR: 2.97e-04 | 10376.8s
  Step 46000/750000 | Loss: 0.162018 | LR: 2.97e-04 | 10484.2s
  Step 46500/750000 | Loss: 0.158164 | LR: 2.97e-04 | 10590.8s
  Step 47000/750000 | Loss: 0.158069 | LR: 2.97e-04 | 10697.0s
  Step 47500/750000 | Loss: 0.156108 | LR: 2.97e-04 | 10803.1s
  Step 48000/750000 | Loss: 0.154795 | LR: 2.97e-04 | 10909.9s
  Step 48500/750000 | Loss: 0.155615 | LR: 2.97e-04 | 11016.4s
  Step 49000/750000 | Loss: 0.155991 | LR: 2.97e-04 | 11122.8s
  Step 49500/750000 | Loss: 0.152224 | LR: 2.97e-04 | 11229.6s
  Step 50000/750000 | Loss: 0.151779 | LR: 2.97e-04 | 11336.5s
  [val] step 50000/750000 | held-out sampled-action MAE (ddim5): 0.24165
  Step 50500/750000 | Loss: 0.150348 | LR: 2.97e-04 | 11453.1s
  Step 51000/750000 | Loss: 0.151229 | LR: 2.97e-04 | 11559.6s
  Step 51500/750000 | Loss: 0.151617 | LR: 2.97e-04 | 11665.6s
  Step 52000/750000 | Loss: 0.150461 | LR: 2.96e-04 | 11771.9s
  Step 52500/750000 | Loss: 0.148911 | LR: 2.96e-04 | 11878.7s
  Step 53000/750000 | Loss: 0.147803 | LR: 2.96e-04 | 11985.8s
  Step 53500/750000 | Loss: 0.149333 | LR: 2.96e-04 | 12093.6s
  Step 54000/750000 | Loss: 0.147716 | LR: 2.96e-04 | 12201.1s
  Step 54500/750000 | Loss: 0.148675 | LR: 2.96e-04 | 12311.3s
  Step 55000/750000 | Loss: 0.147419 | LR: 2.96e-04 | 12422.9s
  Step 55500/750000 | Loss: 0.144681 | LR: 2.96e-04 | 12534.0s
  Step 56000/750000 | Loss: 0.144006 | LR: 2.96e-04 | 12645.7s
  Step 56500/750000 | Loss: 0.142654 | LR: 2.96e-04 | 12757.9s
  Step 57000/750000 | Loss: 0.145909 | LR: 2.96e-04 | 12871.8s
  Step 57500/750000 | Loss: 0.144050 | LR: 2.96e-04 | 12981.0s
  Step 58000/750000 | Loss: 0.142732 | LR: 2.96e-04 | 13089.3s
  Step 58500/750000 | Loss: 0.144145 | LR: 2.96e-04 | 13197.4s
  Step 59000/750000 | Loss: 0.139829 | LR: 2.95e-04 | 13303.3s
  Step 59500/750000 | Loss: 0.140402 | LR: 2.95e-04 | 13410.1s
  Step 60000/750000 | Loss: 0.141216 | LR: 2.95e-04 | 13517.0s
  Step 60500/750000 | Loss: 0.141514 | LR: 2.95e-04 | 13623.6s
  Step 61000/750000 | Loss: 0.136150 | LR: 2.95e-04 | 13730.1s
  Step 61500/750000 | Loss: 0.138429 | LR: 2.95e-04 | 13836.5s
  Step 62000/750000 | Loss: 0.137010 | LR: 2.95e-04 | 13942.6s
  Step 62500/750000 | Loss: 0.135557 | LR: 2.95e-04 | 14049.8s
  Step 63000/750000 | Loss: 0.132999 | LR: 2.95e-04 | 14156.9s
  Step 63500/750000 | Loss: 0.137781 | LR: 2.95e-04 | 14263.9s
  Step 64000/750000 | Loss: 0.137844 | LR: 2.95e-04 | 14371.3s
  Step 64500/750000 | Loss: 0.135135 | LR: 2.95e-04 | 14478.0s
  Step 65000/750000 | Loss: 0.134396 | LR: 2.94e-04 | 14584.5s
  Step 65500/750000 | Loss: 0.134192 | LR: 2.94e-04 | 14690.1s
  Step 66000/750000 | Loss: 0.135590 | LR: 2.94e-04 | 14797.1s
  Step 66500/750000 | Loss: 0.133911 | LR: 2.94e-04 | 14904.3s
  Step 67000/750000 | Loss: 0.130454 | LR: 2.94e-04 | 15012.1s
  Step 67500/750000 | Loss: 0.133523 | LR: 2.94e-04 | 15119.0s
  Step 68000/750000 | Loss: 0.133447 | LR: 2.94e-04 | 15224.0s
  Step 68500/750000 | Loss: 0.132369 | LR: 2.94e-04 | 15329.4s
  Step 69000/750000 | Loss: 0.129910 | LR: 2.94e-04 | 15434.7s
  Step 69500/750000 | Loss: 0.129355 | LR: 2.94e-04 | 15542.5s
  Step 70000/750000 | Loss: 0.131736 | LR: 2.94e-04 | 15649.5s
  Step 70500/750000 | Loss: 0.130213 | LR: 2.94e-04 | 15756.6s
  Step 71000/750000 | Loss: 0.131195 | LR: 2.93e-04 | 15864.5s
  Step 71500/750000 | Loss: 0.128206 | LR: 2.93e-04 | 15970.7s
  Step 72000/750000 | Loss: 0.127463 | LR: 2.93e-04 | 16078.0s
  Step 72500/750000 | Loss: 0.127742 | LR: 2.93e-04 | 16184.9s
  Step 73000/750000 | Loss: 0.126019 | LR: 2.93e-04 | 16291.5s
  Step 73500/750000 | Loss: 0.125790 | LR: 2.93e-04 | 16398.5s
  Step 74000/750000 | Loss: 0.125756 | LR: 2.93e-04 | 16505.3s
  Step 74500/750000 | Loss: 0.126310 | LR: 2.93e-04 | 16612.3s
  Step 75000/750000 | Loss: 0.125871 | LR: 2.93e-04 | 16718.7s
  [val] step 75000/750000 | held-out sampled-action MAE (ddim5): 0.24286
  Step 75500/750000 | Loss: 0.125099 | LR: 2.93e-04 | 16837.1s
  Step 76000/750000 | Loss: 0.125881 | LR: 2.92e-04 | 16943.5s
  Step 76500/750000 | Loss: 0.123001 | LR: 2.92e-04 | 17050.5s
  Step 77000/750000 | Loss: 0.123857 | LR: 2.92e-04 | 17156.9s
  Step 77500/750000 | Loss: 0.121346 | LR: 2.92e-04 | 17263.3s
  Step 78000/750000 | Loss: 0.124563 | LR: 2.92e-04 | 17369.5s
  Step 78500/750000 | Loss: 0.122154 | LR: 2.92e-04 | 17477.0s
  Step 79000/750000 | Loss: 0.119414 | LR: 2.92e-04 | 17584.0s
  Step 79500/750000 | Loss: 0.121485 | LR: 2.92e-04 | 17690.9s
  Step 80000/750000 | Loss: 0.121215 | LR: 2.92e-04 | 17797.5s
  Step 80500/750000 | Loss: 0.122465 | LR: 2.92e-04 | 17904.0s
  Step 81000/750000 | Loss: 0.121258 | LR: 2.91e-04 | 18011.6s
  Step 81500/750000 | Loss: 0.121330 | LR: 2.91e-04 | 18119.9s
  Step 82000/750000 | Loss: 0.119716 | LR: 2.91e-04 | 18227.9s
  Step 82500/750000 | Loss: 0.119610 | LR: 2.91e-04 | 18335.8s
  Step 83000/750000 | Loss: 0.121699 | LR: 2.91e-04 | 18443.2s
  Step 83500/750000 | Loss: 0.117999 | LR: 2.91e-04 | 18550.5s
  Step 84000/750000 | Loss: 0.118294 | LR: 2.91e-04 | 18657.0s
  Step 84500/750000 | Loss: 0.118986 | LR: 2.91e-04 | 18763.9s
  Step 85000/750000 | Loss: 0.117708 | LR: 2.91e-04 | 18870.2s
  Step 85500/750000 | Loss: 0.117257 | LR: 2.91e-04 | 18975.8s
  Step 86000/750000 | Loss: 0.116464 | LR: 2.90e-04 | 19083.2s
  Step 86500/750000 | Loss: 0.117377 | LR: 2.90e-04 | 19189.4s
  Step 87000/750000 | Loss: 0.118704 | LR: 2.90e-04 | 19297.4s
  Step 87500/750000 | Loss: 0.114537 | LR: 2.90e-04 | 19403.2s
  Step 88000/750000 | Loss: 0.115019 | LR: 2.90e-04 | 19509.9s
  Step 88500/750000 | Loss: 0.112634 | LR: 2.90e-04 | 19616.7s
  Step 89000/750000 | Loss: 0.114099 | LR: 2.90e-04 | 19723.5s
  Step 89500/750000 | Loss: 0.116663 | LR: 2.90e-04 | 19830.8s
  Step 90000/750000 | Loss: 0.113984 | LR: 2.90e-04 | 19938.4s
  Step 90500/750000 | Loss: 0.112079 | LR: 2.89e-04 | 20046.5s
  Step 91000/750000 | Loss: 0.115972 | LR: 2.89e-04 | 20153.6s
  Step 91500/750000 | Loss: 0.113767 | LR: 2.89e-04 | 20260.5s
  Step 92000/750000 | Loss: 0.114271 | LR: 2.89e-04 | 20369.4s
  Step 92500/750000 | Loss: 0.114046 | LR: 2.89e-04 | 20479.7s
  Step 93000/750000 | Loss: 0.110977 | LR: 2.89e-04 | 20586.7s
  Step 93500/750000 | Loss: 0.115270 | LR: 2.89e-04 | 20694.5s
  Step 94000/750000 | Loss: 0.112750 | LR: 2.89e-04 | 20801.1s
  Step 94500/750000 | Loss: 0.112176 | LR: 2.88e-04 | 20905.8s
  Step 95000/750000 | Loss: 0.110618 | LR: 2.88e-04 | 21009.8s
  Step 95500/750000 | Loss: 0.111110 | LR: 2.88e-04 | 21114.2s
  Step 96000/750000 | Loss: 0.111036 | LR: 2.88e-04 | 21217.6s
  Step 96500/750000 | Loss: 0.111409 | LR: 2.88e-04 | 21320.7s
  Step 97000/750000 | Loss: 0.109917 | LR: 2.88e-04 | 21424.2s
  Step 97500/750000 | Loss: 0.108759 | LR: 2.88e-04 | 21527.3s
  Step 98000/750000 | Loss: 0.105416 | LR: 2.88e-04 | 21631.2s
  Step 98500/750000 | Loss: 0.111690 | LR: 2.87e-04 | 21735.4s
  Step 99000/750000 | Loss: 0.106855 | LR: 2.87e-04 | 21839.8s
  Step 99500/750000 | Loss: 0.109605 | LR: 2.87e-04 | 21944.7s
  Step 100000/750000 | Loss: 0.108894 | LR: 2.87e-04 | 22051.5s
  [val] step 100000/750000 | held-out sampled-action MAE (ddim5): 0.24312
  Step 100500/750000 | Loss: 0.107766 | LR: 2.87e-04 | 22169.0s
  Step 101000/750000 | Loss: 0.106848 | LR: 2.87e-04 | 22276.5s
  Step 101500/750000 | Loss: 0.108722 | LR: 2.87e-04 | 22383.8s
  Step 102000/750000 | Loss: 0.105940 | LR: 2.87e-04 | 22490.3s
  Step 102500/750000 | Loss: 0.107572 | LR: 2.86e-04 | 22597.2s
  Step 103000/750000 | Loss: 0.107631 | LR: 2.86e-04 | 22704.4s
  Step 103500/750000 | Loss: 0.107635 | LR: 2.86e-04 | 22811.2s
  Step 104000/750000 | Loss: 0.106204 | LR: 2.86e-04 | 22918.0s
  Step 104500/750000 | Loss: 0.103703 | LR: 2.86e-04 | 23026.1s
  Step 105000/750000 | Loss: 0.105189 | LR: 2.86e-04 | 23133.1s
  Step 105500/750000 | Loss: 0.103216 | LR: 2.86e-04 | 23239.8s
  Step 106000/750000 | Loss: 0.107250 | LR: 2.86e-04 | 23346.7s
  Step 106500/750000 | Loss: 0.106579 | LR: 2.85e-04 | 23453.2s
  Step 107000/750000 | Loss: 0.105998 | LR: 2.85e-04 | 23560.4s
  Step 107500/750000 | Loss: 0.104537 | LR: 2.85e-04 | 23666.8s
  Step 108000/750000 | Loss: 0.106339 | LR: 2.85e-04 | 23773.1s
  Step 108500/750000 | Loss: 0.103995 | LR: 2.85e-04 | 23880.7s
  Step 109000/750000 | Loss: 0.103565 | LR: 2.85e-04 | 23988.0s
  Step 109500/750000 | Loss: 0.101705 | LR: 2.85e-04 | 24094.8s
  Step 110000/750000 | Loss: 0.102925 | LR: 2.84e-04 | 24201.6s
  Step 110500/750000 | Loss: 0.102500 | LR: 2.84e-04 | 24308.4s
  Step 111000/750000 | Loss: 0.101310 | LR: 2.84e-04 | 24414.8s
  Step 111500/750000 | Loss: 0.101099 | LR: 2.84e-04 | 24521.5s
  Step 112000/750000 | Loss: 0.101674 | LR: 2.84e-04 | 24628.4s
  Step 112500/750000 | Loss: 0.101639 | LR: 2.84e-04 | 24734.7s
  Step 113000/750000 | Loss: 0.104335 | LR: 2.84e-04 | 24842.1s
  Step 113500/750000 | Loss: 0.101323 | LR: 2.83e-04 | 24949.0s
  Step 114000/750000 | Loss: 0.099172 | LR: 2.83e-04 | 25056.1s
  Step 114500/750000 | Loss: 0.099678 | LR: 2.83e-04 | 25163.0s
  Step 115000/750000 | Loss: 0.098796 | LR: 2.83e-04 | 25270.6s
  Step 115500/750000 | Loss: 0.098436 | LR: 2.83e-04 | 25378.5s
  Step 116000/750000 | Loss: 0.101974 | LR: 2.83e-04 | 25485.7s
  Step 116500/750000 | Loss: 0.099349 | LR: 2.83e-04 | 25592.7s
  Step 117000/750000 | Loss: 0.096642 | LR: 2.82e-04 | 25698.6s
  Step 117500/750000 | Loss: 0.097898 | LR: 2.82e-04 | 25805.6s
  Step 118000/750000 | Loss: 0.099128 | LR: 2.82e-04 | 25911.8s
  Step 118500/750000 | Loss: 0.099874 | LR: 2.82e-04 | 26018.5s
  Step 119000/750000 | Loss: 0.098022 | LR: 2.82e-04 | 26125.3s
  Step 119500/750000 | Loss: 0.099836 | LR: 2.82e-04 | 26233.2s
  Step 120000/750000 | Loss: 0.098302 | LR: 2.82e-04 | 26340.2s
  Step 120500/750000 | Loss: 0.098671 | LR: 2.81e-04 | 26446.7s
  Step 121000/750000 | Loss: 0.098062 | LR: 2.81e-04 | 26553.0s
  Step 121500/750000 | Loss: 0.099162 | LR: 2.81e-04 | 26659.4s
  Step 122000/750000 | Loss: 0.097938 | LR: 2.81e-04 | 26765.5s
  Step 122500/750000 | Loss: 0.097337 | LR: 2.81e-04 | 26872.9s
  Step 123000/750000 | Loss: 0.098150 | LR: 2.81e-04 | 26979.7s
  Step 123500/750000 | Loss: 0.097550 | LR: 2.80e-04 | 27086.6s
  Step 124000/750000 | Loss: 0.095510 | LR: 2.80e-04 | 27193.6s
  Step 124500/750000 | Loss: 0.095138 | LR: 2.80e-04 | 27300.1s
  Step 125000/750000 | Loss: 0.093997 | LR: 2.80e-04 | 27406.8s
  [val] step 125000/750000 | held-out sampled-action MAE (ddim5): 0.24235
  Step 125500/750000 | Loss: 0.094418 | LR: 2.80e-04 | 27525.2s
  Step 126000/750000 | Loss: 0.098962 | LR: 2.80e-04 | 27631.8s
  Step 126500/750000 | Loss: 0.094370 | LR: 2.79e-04 | 27738.7s
  Step 127000/750000 | Loss: 0.094180 | LR: 2.79e-04 | 27844.8s
  Step 127500/750000 | Loss: 0.096315 | LR: 2.79e-04 | 27951.7s
  Step 128000/750000 | Loss: 0.094674 | LR: 2.79e-04 | 28058.9s
  Step 128500/750000 | Loss: 0.094903 | LR: 2.79e-04 | 28165.6s
  Step 129000/750000 | Loss: 0.096600 | LR: 2.79e-04 | 28272.4s
  Step 129500/750000 | Loss: 0.095323 | LR: 2.79e-04 | 28379.2s
  Step 130000/750000 | Loss: 0.096778 | LR: 2.78e-04 | 28486.2s
  Step 130500/750000 | Loss: 0.095079 | LR: 2.78e-04 | 28593.0s
  Step 131000/750000 | Loss: 0.094113 | LR: 2.78e-04 | 28699.9s
  Step 131500/750000 | Loss: 0.092762 | LR: 2.78e-04 | 28806.9s
  Step 132000/750000 | Loss: 0.090290 | LR: 2.78e-04 | 28914.0s
  Step 132500/750000 | Loss: 0.090015 | LR: 2.78e-04 | 29021.1s
  Step 133000/750000 | Loss: 0.092327 | LR: 2.77e-04 | 29128.2s
  Step 133500/750000 | Loss: 0.093384 | LR: 2.77e-04 | 29235.2s
  Step 134000/750000 | Loss: 0.091867 | LR: 2.77e-04 | 29342.3s
  Step 134500/750000 | Loss: 0.094275 | LR: 2.77e-04 | 29448.8s
  Step 135000/750000 | Loss: 0.091149 | LR: 2.77e-04 | 29556.0s
  Step 135500/750000 | Loss: 0.089132 | LR: 2.77e-04 | 29663.0s
  Step 136000/750000 | Loss: 0.089670 | LR: 2.76e-04 | 29770.0s
  Step 136500/750000 | Loss: 0.094423 | LR: 2.76e-04 | 29876.4s
  Step 137000/750000 | Loss: 0.089429 | LR: 2.76e-04 | 29983.0s
  Step 137500/750000 | Loss: 0.091362 | LR: 2.76e-04 | 30089.5s
  Step 138000/750000 | Loss: 0.090968 | LR: 2.76e-04 | 30196.7s
  Step 138500/750000 | Loss: 0.092446 | LR: 2.76e-04 | 30303.2s
  Step 139000/750000 | Loss: 0.090559 | LR: 2.75e-04 | 30410.2s
  Step 139500/750000 | Loss: 0.089614 | LR: 2.75e-04 | 30516.8s
  Step 140000/750000 | Loss: 0.089550 | LR: 2.75e-04 | 30623.3s
  Step 140500/750000 | Loss: 0.089888 | LR: 2.75e-04 | 30729.5s
  Step 141000/750000 | Loss: 0.089772 | LR: 2.75e-04 | 30836.4s
  Step 141500/750000 | Loss: 0.088846 | LR: 2.74e-04 | 30943.3s
  Step 142000/750000 | Loss: 0.091853 | LR: 2.74e-04 | 31050.5s
  Step 142500/750000 | Loss: 0.087381 | LR: 2.74e-04 | 31157.5s
  Step 143000/750000 | Loss: 0.091305 | LR: 2.74e-04 | 31264.4s
  Step 143500/750000 | Loss: 0.088520 | LR: 2.74e-04 | 31370.6s
  Step 144000/750000 | Loss: 0.089479 | LR: 2.74e-04 | 31477.8s
  Step 144500/750000 | Loss: 0.088307 | LR: 2.73e-04 | 31584.1s
  Step 145000/750000 | Loss: 0.089527 | LR: 2.73e-04 | 31690.5s
  Step 145500/750000 | Loss: 0.089014 | LR: 2.73e-04 | 31797.2s
  Step 146000/750000 | Loss: 0.086174 | LR: 2.73e-04 | 31903.8s
  Step 146500/750000 | Loss: 0.086921 | LR: 2.73e-04 | 32009.9s
  Step 147000/750000 | Loss: 0.087809 | LR: 2.73e-04 | 32116.6s
  Step 147500/750000 | Loss: 0.087153 | LR: 2.72e-04 | 32223.7s
  Step 148000/750000 | Loss: 0.086408 | LR: 2.72e-04 | 32330.6s
  Step 148500/750000 | Loss: 0.090654 | LR: 2.72e-04 | 32436.4s
  Step 149000/750000 | Loss: 0.085307 | LR: 2.72e-04 | 32543.3s
  Step 149500/750000 | Loss: 0.084848 | LR: 2.72e-04 | 32650.4s
  Step 150000/750000 | Loss: 0.088331 | LR: 2.71e-04 | 32757.4s
  [val] step 150000/750000 | held-out sampled-action MAE (ddim5): 0.24136
  Step 150500/750000 | Loss: 0.089799 | LR: 2.71e-04 | 32876.0s
  Step 151000/750000 | Loss: 0.085956 | LR: 2.71e-04 | 32982.7s
  Step 151500/750000 | Loss: 0.087967 | LR: 2.71e-04 | 33088.7s
  Step 152000/750000 | Loss: 0.087778 | LR: 2.71e-04 | 33195.7s
  Step 152500/750000 | Loss: 0.087354 | LR: 2.71e-04 | 33302.7s
  Step 153000/750000 | Loss: 0.086524 | LR: 2.70e-04 | 33408.9s
  Step 153500/750000 | Loss: 0.084351 | LR: 2.70e-04 | 33515.3s
  Step 154000/750000 | Loss: 0.087226 | LR: 2.70e-04 | 33622.8s
  Step 154500/750000 | Loss: 0.085124 | LR: 2.70e-04 | 33729.4s
  Step 155000/750000 | Loss: 0.086624 | LR: 2.70e-04 | 33836.4s
  Step 155500/750000 | Loss: 0.087977 | LR: 2.69e-04 | 33943.1s
  Step 156000/750000 | Loss: 0.085258 | LR: 2.69e-04 | 34049.0s
  Step 156500/750000 | Loss: 0.085677 | LR: 2.69e-04 | 34153.3s
  Step 157000/750000 | Loss: 0.086416 | LR: 2.69e-04 | 34259.2s
  Step 157500/750000 | Loss: 0.085296 | LR: 2.69e-04 | 34364.3s
  Step 158000/750000 | Loss: 0.085336 | LR: 2.68e-04 | 34469.2s
  Step 158500/750000 | Loss: 0.084562 | LR: 2.68e-04 | 34574.4s
  Step 159000/750000 | Loss: 0.084918 | LR: 2.68e-04 | 34679.8s
  Step 159500/750000 | Loss: 0.084451 | LR: 2.68e-04 | 34786.5s
  Step 160000/750000 | Loss: 0.083501 | LR: 2.68e-04 | 34893.0s
  Step 160500/750000 | Loss: 0.085584 | LR: 2.67e-04 | 34998.5s
  Step 161000/750000 | Loss: 0.085497 | LR: 2.67e-04 | 35104.7s
  Step 161500/750000 | Loss: 0.083943 | LR: 2.67e-04 | 35211.7s
  Step 162000/750000 | Loss: 0.082766 | LR: 2.67e-04 | 35318.7s
  Step 162500/750000 | Loss: 0.082227 | LR: 2.67e-04 | 35424.6s
  Step 163000/750000 | Loss: 0.083080 | LR: 2.66e-04 | 35531.9s
  Step 163500/750000 | Loss: 0.081701 | LR: 2.66e-04 | 35638.9s
  Step 164000/750000 | Loss: 0.085583 | LR: 2.66e-04 | 35745.8s
  Step 164500/750000 | Loss: 0.083070 | LR: 2.66e-04 | 35852.4s
  Step 165000/750000 | Loss: 0.084807 | LR: 2.66e-04 | 35958.8s
  Step 165500/750000 | Loss: 0.082417 | LR: 2.65e-04 | 36065.9s
  Step 166000/750000 | Loss: 0.081800 | LR: 2.65e-04 | 36172.7s
  Step 166500/750000 | Loss: 0.083425 | LR: 2.65e-04 | 36279.0s
  Step 167000/750000 | Loss: 0.082334 | LR: 2.65e-04 | 36385.6s
  Step 167500/750000 | Loss: 0.081483 | LR: 2.65e-04 | 36493.3s
  Step 168000/750000 | Loss: 0.081935 | LR: 2.64e-04 | 36600.3s
  Step 168500/750000 | Loss: 0.082101 | LR: 2.64e-04 | 36707.5s
  Step 169000/750000 | Loss: 0.083249 | LR: 2.64e-04 | 36815.2s
  Step 169500/750000 | Loss: 0.080611 | LR: 2.64e-04 | 36921.9s
  Step 170000/750000 | Loss: 0.081005 | LR: 2.64e-04 | 37029.1s
  Step 170500/750000 | Loss: 0.081332 | LR: 2.63e-04 | 37135.5s
  Step 171000/750000 | Loss: 0.080734 | LR: 2.63e-04 | 37242.7s
  Step 171500/750000 | Loss: 0.081439 | LR: 2.63e-04 | 37350.0s
  Step 172000/750000 | Loss: 0.082608 | LR: 2.63e-04 | 37457.3s
  Step 172500/750000 | Loss: 0.080740 | LR: 2.63e-04 | 37563.6s
  Step 173000/750000 | Loss: 0.079320 | LR: 2.62e-04 | 37670.1s
  Step 173500/750000 | Loss: 0.081844 | LR: 2.62e-04 | 37776.0s
  Step 174000/750000 | Loss: 0.079197 | LR: 2.62e-04 | 37882.5s
  Step 174500/750000 | Loss: 0.080618 | LR: 2.62e-04 | 37989.0s
  Step 175000/750000 | Loss: 0.082073 | LR: 2.62e-04 | 38094.8s
  [val] step 175000/750000 | held-out sampled-action MAE (ddim5): 0.24012
  Step 175500/750000 | Loss: 0.080314 | LR: 2.61e-04 | 38211.1s
  Step 176000/750000 | Loss: 0.082115 | LR: 2.61e-04 | 38317.8s
  Step 176500/750000 | Loss: 0.079775 | LR: 2.61e-04 | 38425.1s
  Step 177000/750000 | Loss: 0.080942 | LR: 2.61e-04 | 38531.8s
  Step 177500/750000 | Loss: 0.078057 | LR: 2.61e-04 | 38639.0s
  Step 178000/750000 | Loss: 0.078020 | LR: 2.60e-04 | 38746.7s
  Step 178500/750000 | Loss: 0.078024 | LR: 2.60e-04 | 38853.7s
  Step 179000/750000 | Loss: 0.080583 | LR: 2.60e-04 | 38960.6s
  Step 179500/750000 | Loss: 0.079437 | LR: 2.60e-04 | 39068.1s
  Step 180000/750000 | Loss: 0.083017 | LR: 2.59e-04 | 39175.0s
  Step 180500/750000 | Loss: 0.080526 | LR: 2.59e-04 | 39281.3s
  Step 181000/750000 | Loss: 0.081486 | LR: 2.59e-04 | 39388.2s
  Step 181500/750000 | Loss: 0.078864 | LR: 2.59e-04 | 39494.4s
  Step 182000/750000 | Loss: 0.078894 | LR: 2.59e-04 | 39601.2s
  Step 182500/750000 | Loss: 0.079285 | LR: 2.58e-04 | 39707.9s
  Step 183000/750000 | Loss: 0.077122 | LR: 2.58e-04 | 39814.2s
  Step 183500/750000 | Loss: 0.078082 | LR: 2.58e-04 | 39920.4s
  Step 184000/750000 | Loss: 0.080874 | LR: 2.58e-04 | 40027.5s
  Step 184500/750000 | Loss: 0.079471 | LR: 2.58e-04 | 40134.7s
  Step 185000/750000 | Loss: 0.077741 | LR: 2.57e-04 | 40243.4s
  Step 185500/750000 | Loss: 0.079780 | LR: 2.57e-04 | 40351.4s
  Step 186000/750000 | Loss: 0.079544 | LR: 2.57e-04 | 40458.4s
  Step 186500/750000 | Loss: 0.079226 | LR: 2.57e-04 | 40565.5s
  Step 187000/750000 | Loss: 0.076072 | LR: 2.56e-04 | 40672.9s
  Step 187500/750000 | Loss: 0.079135 | LR: 2.56e-04 | 40780.3s
  Step 188000/750000 | Loss: 0.079296 | LR: 2.56e-04 | 40887.6s
  Step 188500/750000 | Loss: 0.079591 | LR: 2.56e-04 | 40994.5s
  Step 189000/750000 | Loss: 0.076639 | LR: 2.56e-04 | 41101.6s
  Step 189500/750000 | Loss: 0.077208 | LR: 2.55e-04 | 41207.6s
  Step 190000/750000 | Loss: 0.077537 | LR: 2.55e-04 | 41314.6s
  Step 190500/750000 | Loss: 0.075742 | LR: 2.55e-04 | 41421.8s
  Step 191000/750000 | Loss: 0.077490 | LR: 2.55e-04 | 41528.8s
  Step 191500/750000 | Loss: 0.076046 | LR: 2.54e-04 | 41636.2s
  Step 192000/750000 | Loss: 0.077548 | LR: 2.54e-04 | 41743.1s
  Step 192500/750000 | Loss: 0.074930 | LR: 2.54e-04 | 41849.6s
  Step 193000/750000 | Loss: 0.075842 | LR: 2.54e-04 | 41956.1s
  Step 193500/750000 | Loss: 0.075105 | LR: 2.54e-04 | 42063.9s
  Step 194000/750000 | Loss: 0.076392 | LR: 2.53e-04 | 42170.5s
  Step 194500/750000 | Loss: 0.078037 | LR: 2.53e-04 | 42277.8s
  Step 195000/750000 | Loss: 0.076009 | LR: 2.53e-04 | 42383.9s
  Step 195500/750000 | Loss: 0.076645 | LR: 2.53e-04 | 42490.3s
  Step 196000/750000 | Loss: 0.075530 | LR: 2.52e-04 | 42596.8s
  Step 196500/750000 | Loss: 0.075037 | LR: 2.52e-04 | 42703.6s
  Step 197000/750000 | Loss: 0.076121 | LR: 2.52e-04 | 42810.5s
  Step 197500/750000 | Loss: 0.075060 | LR: 2.52e-04 | 42916.1s
  Step 198000/750000 | Loss: 0.077034 | LR: 2.51e-04 | 43022.3s
  Step 198500/750000 | Loss: 0.075163 | LR: 2.51e-04 | 43129.4s
  Step 199000/750000 | Loss: 0.073536 | LR: 2.51e-04 | 43237.3s
  Step 199500/750000 | Loss: 0.075484 | LR: 2.51e-04 | 43344.1s
  Step 200000/750000 | Loss: 0.076043 | LR: 2.51e-04 | 43450.8s
  [val] step 200000/750000 | held-out sampled-action MAE (ddim5): 0.23993
  Step 200500/750000 | Loss: 0.074784 | LR: 2.50e-04 | 43568.9s
  Step 201000/750000 | Loss: 0.075934 | LR: 2.50e-04 | 43675.5s
  Step 201500/750000 | Loss: 0.074580 | LR: 2.50e-04 | 43782.3s
  Step 202000/750000 | Loss: 0.073501 | LR: 2.50e-04 | 43888.9s
  Step 202500/750000 | Loss: 0.074145 | LR: 2.49e-04 | 43996.2s
  Step 203000/750000 | Loss: 0.074221 | LR: 2.49e-04 | 44103.8s
  Step 203500/750000 | Loss: 0.076065 | LR: 2.49e-04 | 44210.7s
  Step 204000/750000 | Loss: 0.075272 | LR: 2.49e-04 | 44317.4s
  Step 204500/750000 | Loss: 0.074147 | LR: 2.48e-04 | 44423.9s
  Step 205000/750000 | Loss: 0.073412 | LR: 2.48e-04 | 44530.9s
  Step 205500/750000 | Loss: 0.074582 | LR: 2.48e-04 | 44637.6s
  Step 206000/750000 | Loss: 0.075807 | LR: 2.48e-04 | 44745.1s
  Step 206500/750000 | Loss: 0.073237 | LR: 2.47e-04 | 44851.8s
  Step 207000/750000 | Loss: 0.072372 | LR: 2.47e-04 | 44959.0s
  Step 207500/750000 | Loss: 0.073289 | LR: 2.47e-04 | 45066.4s
  Step 208000/750000 | Loss: 0.072196 | LR: 2.47e-04 | 45173.1s
  Step 208500/750000 | Loss: 0.074689 | LR: 2.47e-04 | 45279.8s
  Step 209000/750000 | Loss: 0.072074 | LR: 2.46e-04 | 45387.2s
  Step 209500/750000 | Loss: 0.072524 | LR: 2.46e-04 | 45493.9s
  Step 210000/750000 | Loss: 0.073820 | LR: 2.46e-04 | 45600.0s
  Step 210500/750000 | Loss: 0.070318 | LR: 2.46e-04 | 45706.8s
  Step 211000/750000 | Loss: 0.073675 | LR: 2.45e-04 | 45815.2s
  Step 211500/750000 | Loss: 0.074014 | LR: 2.45e-04 | 45921.5s
  Step 212000/750000 | Loss: 0.071097 | LR: 2.45e-04 | 46027.6s
  Step 212500/750000 | Loss: 0.071694 | LR: 2.45e-04 | 46133.5s
  Step 213000/750000 | Loss: 0.071564 | LR: 2.44e-04 | 46240.8s
  Step 213500/750000 | Loss: 0.073311 | LR: 2.44e-04 | 46347.5s
  Step 214000/750000 | Loss: 0.072433 | LR: 2.44e-04 | 46453.7s
  Step 214500/750000 | Loss: 0.070865 | LR: 2.44e-04 | 46560.6s
  Step 215000/750000 | Loss: 0.071435 | LR: 2.43e-04 | 46667.5s
  Step 215500/750000 | Loss: 0.072464 | LR: 2.43e-04 | 46773.6s
  Step 216000/750000 | Loss: 0.073059 | LR: 2.43e-04 | 46879.9s
  Step 216500/750000 | Loss: 0.070683 | LR: 2.43e-04 | 46985.8s
  Step 217000/750000 | Loss: 0.073725 | LR: 2.42e-04 | 47092.1s
  Step 217500/750000 | Loss: 0.072040 | LR: 2.42e-04 | 47197.9s
  Step 218000/750000 | Loss: 0.071203 | LR: 2.42e-04 | 47303.6s
  Step 218500/750000 | Loss: 0.072109 | LR: 2.42e-04 | 47409.7s
  Step 219000/750000 | Loss: 0.070542 | LR: 2.41e-04 | 47516.0s
  Step 219500/750000 | Loss: 0.071155 | LR: 2.41e-04 | 47622.5s
  Step 220000/750000 | Loss: 0.069749 | LR: 2.41e-04 | 47729.5s
  Step 220500/750000 | Loss: 0.071728 | LR: 2.41e-04 | 47836.5s
  Step 221000/750000 | Loss: 0.067941 | LR: 2.40e-04 | 47942.9s
  Step 221500/750000 | Loss: 0.070757 | LR: 2.40e-04 | 48049.4s
  Step 222000/750000 | Loss: 0.069418 | LR: 2.40e-04 | 48156.3s
  Step 222500/750000 | Loss: 0.068984 | LR: 2.40e-04 | 48262.5s
  Step 223000/750000 | Loss: 0.069149 | LR: 2.39e-04 | 48368.4s
  Step 223500/750000 | Loss: 0.071286 | LR: 2.39e-04 | 48475.6s
  Step 224000/750000 | Loss: 0.070289 | LR: 2.39e-04 | 48581.1s
  Step 224500/750000 | Loss: 0.070176 | LR: 2.39e-04 | 48687.6s
  Step 225000/750000 | Loss: 0.070136 | LR: 2.38e-04 | 48793.9s
  [val] step 225000/750000 | held-out sampled-action MAE (ddim5): 0.24020
  Step 225500/750000 | Loss: 0.068051 | LR: 2.38e-04 | 48913.1s
  Step 226000/750000 | Loss: 0.067343 | LR: 2.38e-04 | 49023.5s
  Step 226500/750000 | Loss: 0.068118 | LR: 2.38e-04 | 49130.6s
  Step 227000/750000 | Loss: 0.069546 | LR: 2.37e-04 | 49238.6s
  Step 227500/750000 | Loss: 0.068089 | LR: 2.37e-04 | 49346.1s
  Step 228000/750000 | Loss: 0.070198 | LR: 2.37e-04 | 49453.5s
  Step 228500/750000 | Loss: 0.072455 | LR: 2.37e-04 | 49559.6s
  Step 229000/750000 | Loss: 0.068538 | LR: 2.36e-04 | 49666.7s
  Step 229500/750000 | Loss: 0.067346 | LR: 2.36e-04 | 49773.8s
  Step 230000/750000 | Loss: 0.069926 | LR: 2.36e-04 | 49880.8s
  Step 230500/750000 | Loss: 0.069413 | LR: 2.36e-04 | 49988.5s
  Step 231000/750000 | Loss: 0.070598 | LR: 2.35e-04 | 50095.1s
  Step 231500/750000 | Loss: 0.068215 | LR: 2.35e-04 | 50202.3s
  Step 232000/750000 | Loss: 0.069141 | LR: 2.35e-04 | 50309.1s
  Step 232500/750000 | Loss: 0.067609 | LR: 2.35e-04 | 50415.1s
  Step 233000/750000 | Loss: 0.068954 | LR: 2.34e-04 | 50522.0s
  Step 233500/750000 | Loss: 0.069073 | LR: 2.34e-04 | 50628.9s
  Step 234000/750000 | Loss: 0.068706 | LR: 2.34e-04 | 50736.4s
  Step 234500/750000 | Loss: 0.067949 | LR: 2.33e-04 | 50844.2s
  Step 235000/750000 | Loss: 0.067615 | LR: 2.33e-04 | 50951.2s
  Step 235500/750000 | Loss: 0.067493 | LR: 2.33e-04 | 51058.7s
  Step 236000/750000 | Loss: 0.066546 | LR: 2.33e-04 | 51166.4s
  Step 236500/750000 | Loss: 0.067235 | LR: 2.32e-04 | 51273.6s
  Step 237000/750000 | Loss: 0.070629 | LR: 2.32e-04 | 51381.3s
  Step 237500/750000 | Loss: 0.070163 | LR: 2.32e-04 | 51488.9s
  Step 238000/750000 | Loss: 0.069631 | LR: 2.32e-04 | 51595.8s
  Step 238500/750000 | Loss: 0.066029 | LR: 2.31e-04 | 51702.9s
  Step 239000/750000 | Loss: 0.066884 | LR: 2.31e-04 | 51810.0s
  Step 239500/750000 | Loss: 0.067863 | LR: 2.31e-04 | 51916.6s
  Step 240000/750000 | Loss: 0.068734 | LR: 2.31e-04 | 52022.8s
  Step 240500/750000 | Loss: 0.067290 | LR: 2.30e-04 | 52129.3s
  Step 241000/750000 | Loss: 0.069351 | LR: 2.30e-04 | 52236.2s
  Step 241500/750000 | Loss: 0.068011 | LR: 2.30e-04 | 52343.7s
  Step 242000/750000 | Loss: 0.067216 | LR: 2.30e-04 | 52450.9s
  Step 242500/750000 | Loss: 0.066031 | LR: 2.29e-04 | 52558.0s
  Step 243000/750000 | Loss: 0.067744 | LR: 2.29e-04 | 52664.7s
  Step 243500/750000 | Loss: 0.067139 | LR: 2.29e-04 | 52771.8s
  Step 244000/750000 | Loss: 0.064499 | LR: 2.28e-04 | 52879.3s
  Step 244500/750000 | Loss: 0.069791 | LR: 2.28e-04 | 52986.2s
  Step 245000/750000 | Loss: 0.066989 | LR: 2.28e-04 | 53092.6s
  Step 245500/750000 | Loss: 0.067235 | LR: 2.28e-04 | 53198.0s
  Step 246000/750000 | Loss: 0.066436 | LR: 2.27e-04 | 53305.1s
  Step 246500/750000 | Loss: 0.066409 | LR: 2.27e-04 | 53410.7s
  Step 247000/750000 | Loss: 0.066501 | LR: 2.27e-04 | 53518.2s
  Step 247500/750000 | Loss: 0.065812 | LR: 2.27e-04 | 53625.1s
  Step 248000/750000 | Loss: 0.069120 | LR: 2.26e-04 | 53733.0s
  Step 248500/750000 | Loss: 0.065845 | LR: 2.26e-04 | 53839.9s
  Step 249000/750000 | Loss: 0.068612 | LR: 2.26e-04 | 53946.7s
  Step 249500/750000 | Loss: 0.066374 | LR: 2.26e-04 | 54054.2s
  Step 250000/750000 | Loss: 0.065009 | LR: 2.25e-04 | 54161.0s
  [val] step 250000/750000 | held-out sampled-action MAE (ddim5): 0.23850
  Step 250500/750000 | Loss: 0.064617 | LR: 2.25e-04 | 54279.0s
  Step 251000/750000 | Loss: 0.066030 | LR: 2.25e-04 | 54385.4s
  Step 251500/750000 | Loss: 0.064805 | LR: 2.24e-04 | 54491.8s
  Step 252000/750000 | Loss: 0.065134 | LR: 2.24e-04 | 54599.5s
  Step 252500/750000 | Loss: 0.065150 | LR: 2.24e-04 | 54705.6s
  Step 253000/750000 | Loss: 0.066232 | LR: 2.24e-04 | 54812.5s
  Step 253500/750000 | Loss: 0.064461 | LR: 2.23e-04 | 54919.8s
  Step 254000/750000 | Loss: 0.064134 | LR: 2.23e-04 | 55027.1s
  Step 254500/750000 | Loss: 0.065371 | LR: 2.23e-04 | 55133.7s
  Step 255000/750000 | Loss: 0.064627 | LR: 2.23e-04 | 55240.5s
  Step 255500/750000 | Loss: 0.065050 | LR: 2.22e-04 | 55347.7s
  Step 256000/750000 | Loss: 0.065959 | LR: 2.22e-04 | 55453.9s
  Step 256500/750000 | Loss: 0.063754 | LR: 2.22e-04 | 55561.5s
  Step 257000/750000 | Loss: 0.064281 | LR: 2.21e-04 | 55668.1s
  Step 257500/750000 | Loss: 0.064652 | LR: 2.21e-04 | 55775.9s
  Step 258000/750000 | Loss: 0.062844 | LR: 2.21e-04 | 55882.9s
  Step 258500/750000 | Loss: 0.063637 | LR: 2.21e-04 | 55988.8s
  Step 259000/750000 | Loss: 0.062423 | LR: 2.20e-04 | 56095.1s
  Step 259500/750000 | Loss: 0.066902 | LR: 2.20e-04 | 56201.9s
  Step 260000/750000 | Loss: 0.063142 | LR: 2.20e-04 | 56308.9s
  Step 260500/750000 | Loss: 0.063789 | LR: 2.19e-04 | 56415.5s
  Step 261000/750000 | Loss: 0.063410 | LR: 2.19e-04 | 56522.7s
  Step 261500/750000 | Loss: 0.064710 | LR: 2.19e-04 | 56629.3s
  Step 262000/750000 | Loss: 0.063473 | LR: 2.19e-04 | 56736.4s
  Step 262500/750000 | Loss: 0.064676 | LR: 2.18e-04 | 56844.0s
  Step 263000/750000 | Loss: 0.063818 | LR: 2.18e-04 | 56951.1s
  Step 263500/750000 | Loss: 0.063788 | LR: 2.18e-04 | 57058.1s
  Step 264000/750000 | Loss: 0.064693 | LR: 2.18e-04 | 57165.1s
  Step 264500/750000 | Loss: 0.062695 | LR: 2.17e-04 | 57272.2s
  Step 265000/750000 | Loss: 0.063525 | LR: 2.17e-04 | 57379.3s
  Step 265500/750000 | Loss: 0.064407 | LR: 2.17e-04 | 57485.8s
  Step 266000/750000 | Loss: 0.063056 | LR: 2.16e-04 | 57592.9s
  Step 266500/750000 | Loss: 0.062508 | LR: 2.16e-04 | 57700.1s
  Step 267000/750000 | Loss: 0.061801 | LR: 2.16e-04 | 57807.1s
  Step 267500/750000 | Loss: 0.063114 | LR: 2.16e-04 | 57914.5s
  Step 268000/750000 | Loss: 0.063317 | LR: 2.15e-04 | 58021.2s
  Step 268500/750000 | Loss: 0.062609 | LR: 2.15e-04 | 58128.4s
  Step 269000/750000 | Loss: 0.064522 | LR: 2.15e-04 | 58235.5s
  Step 269500/750000 | Loss: 0.063195 | LR: 2.14e-04 | 58342.2s
  Step 270000/750000 | Loss: 0.063852 | LR: 2.14e-04 | 58449.2s
  Step 270500/750000 | Loss: 0.062889 | LR: 2.14e-04 | 58556.8s
  Step 271000/750000 | Loss: 0.062314 | LR: 2.14e-04 | 58663.9s
  Step 271500/750000 | Loss: 0.061802 | LR: 2.13e-04 | 58770.9s
  Step 272000/750000 | Loss: 0.062194 | LR: 2.13e-04 | 58878.1s
  Step 272500/750000 | Loss: 0.061943 | LR: 2.13e-04 | 58984.5s
  Step 273000/750000 | Loss: 0.062276 | LR: 2.12e-04 | 59091.8s
  Step 273500/750000 | Loss: 0.062343 | LR: 2.12e-04 | 59199.4s
  Step 274000/750000 | Loss: 0.061818 | LR: 2.12e-04 | 59306.7s
  Step 274500/750000 | Loss: 0.062809 | LR: 2.12e-04 | 59413.9s
  Step 275000/750000 | Loss: 0.063493 | LR: 2.11e-04 | 59522.0s
  [val] step 275000/750000 | held-out sampled-action MAE (ddim5): 0.23857
  Step 275500/750000 | Loss: 0.060369 | LR: 2.11e-04 | 59641.0s
  Step 276000/750000 | Loss: 0.062487 | LR: 2.11e-04 | 59748.8s
  Step 276500/750000 | Loss: 0.060050 | LR: 2.10e-04 | 59855.1s
  Step 277000/750000 | Loss: 0.062051 | LR: 2.10e-04 | 59962.6s
  Step 277500/750000 | Loss: 0.060177 | LR: 2.10e-04 | 60069.8s
  Step 278000/750000 | Loss: 0.059648 | LR: 2.10e-04 | 60176.5s
  Step 278500/750000 | Loss: 0.061303 | LR: 2.09e-04 | 60282.9s
  Step 279000/750000 | Loss: 0.062537 | LR: 2.09e-04 | 60390.3s
  Step 279500/750000 | Loss: 0.060492 | LR: 2.09e-04 | 60497.3s
  Step 280000/750000 | Loss: 0.061226 | LR: 2.08e-04 | 60604.9s
  Step 280500/750000 | Loss: 0.060970 | LR: 2.08e-04 | 60711.6s
  Step 281000/750000 | Loss: 0.060310 | LR: 2.08e-04 | 60818.6s
  Step 281500/750000 | Loss: 0.060125 | LR: 2.08e-04 | 60925.4s
  Step 282000/750000 | Loss: 0.060425 | LR: 2.07e-04 | 61032.2s
  Step 282500/750000 | Loss: 0.060233 | LR: 2.07e-04 | 61139.1s
  Step 283000/750000 | Loss: 0.063804 | LR: 2.07e-04 | 61246.2s
  Step 283500/750000 | Loss: 0.062504 | LR: 2.06e-04 | 61354.1s
  Step 284000/750000 | Loss: 0.061614 | LR: 2.06e-04 | 61461.2s
  Step 284500/750000 | Loss: 0.059092 | LR: 2.06e-04 | 61568.4s
  Step 285000/750000 | Loss: 0.062016 | LR: 2.06e-04 | 61675.5s
  Step 285500/750000 | Loss: 0.060759 | LR: 2.05e-04 | 61782.7s
  Step 286000/750000 | Loss: 0.059245 | LR: 2.05e-04 | 61889.0s
  Step 286500/750000 | Loss: 0.059230 | LR: 2.05e-04 | 61995.5s
  Step 287000/750000 | Loss: 0.061299 | LR: 2.04e-04 | 62102.8s
  Step 287500/750000 | Loss: 0.059947 | LR: 2.04e-04 | 62209.7s
  Step 288000/750000 | Loss: 0.060677 | LR: 2.04e-04 | 62316.5s
  Step 288500/750000 | Loss: 0.061004 | LR: 2.03e-04 | 62424.5s
  Step 289000/750000 | Loss: 0.059853 | LR: 2.03e-04 | 62531.7s
  Step 289500/750000 | Loss: 0.060675 | LR: 2.03e-04 | 62638.1s
  Step 290000/750000 | Loss: 0.059486 | LR: 2.03e-04 | 62744.4s
  Step 290500/750000 | Loss: 0.059227 | LR: 2.02e-04 | 62851.0s
  Step 291000/750000 | Loss: 0.060025 | LR: 2.02e-04 | 62957.6s
  Step 291500/750000 | Loss: 0.060280 | LR: 2.02e-04 | 63064.9s
  Step 292000/750000 | Loss: 0.059430 | LR: 2.01e-04 | 63171.4s
  Step 292500/750000 | Loss: 0.059466 | LR: 2.01e-04 | 63278.3s
  Step 293000/750000 | Loss: 0.058578 | LR: 2.01e-04 | 63385.3s
  Step 293500/750000 | Loss: 0.058533 | LR: 2.01e-04 | 63491.5s
  Step 294000/750000 | Loss: 0.060908 | LR: 2.00e-04 | 63598.0s
  Step 294500/750000 | Loss: 0.060745 | LR: 2.00e-04 | 63705.0s
  Step 295000/750000 | Loss: 0.058776 | LR: 2.00e-04 | 63811.3s
  Step 295500/750000 | Loss: 0.059804 | LR: 1.99e-04 | 63917.8s
  Step 296000/750000 | Loss: 0.059804 | LR: 1.99e-04 | 64025.1s
  Step 296500/750000 | Loss: 0.060377 | LR: 1.99e-04 | 64132.3s
  Step 297000/750000 | Loss: 0.057145 | LR: 1.98e-04 | 64238.7s
  Step 297500/750000 | Loss: 0.059041 | LR: 1.98e-04 | 64345.0s
  Step 298000/750000 | Loss: 0.059003 | LR: 1.98e-04 | 64450.9s
  Step 298500/750000 | Loss: 0.058727 | LR: 1.98e-04 | 64557.5s
  Step 299000/750000 | Loss: 0.059556 | LR: 1.97e-04 | 64665.6s
  Step 299500/750000 | Loss: 0.057849 | LR: 1.97e-04 | 64772.0s
  Step 300000/750000 | Loss: 0.059812 | LR: 1.97e-04 | 64879.3s
  [val] step 300000/750000 | held-out sampled-action MAE (ddim5): 0.23777
  Step 300500/750000 | Loss: 0.059136 | LR: 1.96e-04 | 64996.5s
  Step 301000/750000 | Loss: 0.059493 | LR: 1.96e-04 | 65102.9s
  Step 301500/750000 | Loss: 0.058804 | LR: 1.96e-04 | 65210.0s
  Step 302000/750000 | Loss: 0.057406 | LR: 1.96e-04 | 65317.4s
  Step 302500/750000 | Loss: 0.058044 | LR: 1.95e-04 | 65423.8s
  Step 303000/750000 | Loss: 0.057532 | LR: 1.95e-04 | 65530.5s
  Step 303500/750000 | Loss: 0.056077 | LR: 1.95e-04 | 65638.2s
  Step 304000/750000 | Loss: 0.058781 | LR: 1.94e-04 | 65744.7s
  Step 304500/750000 | Loss: 0.057540 | LR: 1.94e-04 | 65850.6s
  Step 305000/750000 | Loss: 0.057580 | LR: 1.94e-04 | 65957.8s
  Step 305500/750000 | Loss: 0.058791 | LR: 1.93e-04 | 66064.1s
  Step 306000/750000 | Loss: 0.057150 | LR: 1.93e-04 | 66170.4s
  Step 306500/750000 | Loss: 0.059281 | LR: 1.93e-04 | 66277.1s
  Step 307000/750000 | Loss: 0.056090 | LR: 1.93e-04 | 66384.2s
  Step 307500/750000 | Loss: 0.057285 | LR: 1.92e-04 | 66491.0s
  Step 308000/750000 | Loss: 0.058425 | LR: 1.92e-04 | 66598.4s
  Step 308500/750000 | Loss: 0.057059 | LR: 1.92e-04 | 66706.0s
  Step 309000/750000 | Loss: 0.057579 | LR: 1.91e-04 | 66812.9s
  Step 309500/750000 | Loss: 0.057505 | LR: 1.91e-04 | 66920.0s
  Step 310000/750000 | Loss: 0.056024 | LR: 1.91e-04 | 67026.3s
  Step 310500/750000 | Loss: 0.056297 | LR: 1.90e-04 | 67133.0s
  Step 311000/750000 | Loss: 0.057202 | LR: 1.90e-04 | 67239.2s
  Step 311500/750000 | Loss: 0.057038 | LR: 1.90e-04 | 67345.9s
  Step 312000/750000 | Loss: 0.057375 | LR: 1.89e-04 | 67451.8s
  Step 312500/750000 | Loss: 0.057229 | LR: 1.89e-04 | 67559.2s
  Step 313000/750000 | Loss: 0.056807 | LR: 1.89e-04 | 67665.7s
  Step 313500/750000 | Loss: 0.057469 | LR: 1.89e-04 | 67772.1s
  Step 314000/750000 | Loss: 0.056821 | LR: 1.88e-04 | 67878.7s
  Step 314500/750000 | Loss: 0.056196 | LR: 1.88e-04 | 67986.2s
  Step 315000/750000 | Loss: 0.055876 | LR: 1.88e-04 | 68092.8s
  Step 315500/750000 | Loss: 0.057937 | LR: 1.87e-04 | 68198.6s
  Step 316000/750000 | Loss: 0.054929 | LR: 1.87e-04 | 68304.5s
  Step 316500/750000 | Loss: 0.056472 | LR: 1.87e-04 | 68410.9s
  Step 317000/750000 | Loss: 0.056986 | LR: 1.86e-04 | 68516.8s
  Step 317500/750000 | Loss: 0.056940 | LR: 1.86e-04 | 68624.7s
  Step 318000/750000 | Loss: 0.056437 | LR: 1.86e-04 | 68731.3s
  Step 318500/750000 | Loss: 0.056132 | LR: 1.86e-04 | 68837.3s
  Step 319000/750000 | Loss: 0.056290 | LR: 1.85e-04 | 68944.3s
  Step 319500/750000 | Loss: 0.056267 | LR: 1.85e-04 | 69051.9s
  Step 320000/750000 | Loss: 0.056551 | LR: 1.85e-04 | 69158.8s
  Step 320500/750000 | Loss: 0.054944 | LR: 1.84e-04 | 69265.7s
  Step 321000/750000 | Loss: 0.056066 | LR: 1.84e-04 | 69373.1s
  Step 321500/750000 | Loss: 0.055143 | LR: 1.84e-04 | 69479.8s
  Step 322000/750000 | Loss: 0.053403 | LR: 1.83e-04 | 69586.4s
  Step 322500/750000 | Loss: 0.054095 | LR: 1.83e-04 | 69693.4s
  Step 323000/750000 | Loss: 0.056178 | LR: 1.83e-04 | 69800.5s
  Step 323500/750000 | Loss: 0.054280 | LR: 1.83e-04 | 69908.3s
  Step 324000/750000 | Loss: 0.055318 | LR: 1.82e-04 | 70014.9s
  Step 324500/750000 | Loss: 0.054709 | LR: 1.82e-04 | 70122.0s
  Step 325000/750000 | Loss: 0.054926 | LR: 1.82e-04 | 70228.1s
  [val] step 325000/750000 | held-out sampled-action MAE (ddim5): 0.23675
  Step 325500/750000 | Loss: 0.056689 | LR: 1.81e-04 | 70344.9s
  Step 326000/750000 | Loss: 0.054993 | LR: 1.81e-04 | 70451.7s
  Step 326500/750000 | Loss: 0.055185 | LR: 1.81e-04 | 70559.2s
  Step 327000/750000 | Loss: 0.054701 | LR: 1.80e-04 | 70667.1s
  Step 327500/750000 | Loss: 0.053803 | LR: 1.80e-04 | 70774.5s
  Step 328000/750000 | Loss: 0.054048 | LR: 1.80e-04 | 70882.3s
  Step 328500/750000 | Loss: 0.055416 | LR: 1.79e-04 | 70990.0s
  Step 329000/750000 | Loss: 0.053370 | LR: 1.79e-04 | 71097.4s
  Step 329500/750000 | Loss: 0.054515 | LR: 1.79e-04 | 71204.6s
  Step 330000/750000 | Loss: 0.053723 | LR: 1.79e-04 | 71312.1s
  Step 330500/750000 | Loss: 0.055089 | LR: 1.78e-04 | 71418.5s
  Step 331000/750000 | Loss: 0.052693 | LR: 1.78e-04 | 71525.9s
  Step 331500/750000 | Loss: 0.054387 | LR: 1.78e-04 | 71633.4s
  Step 332000/750000 | Loss: 0.053287 | LR: 1.77e-04 | 71741.2s
  Step 332500/750000 | Loss: 0.053023 | LR: 1.77e-04 | 71848.0s
  Step 333000/750000 | Loss: 0.054321 | LR: 1.77e-04 | 71956.2s
  Step 333500/750000 | Loss: 0.052584 | LR: 1.76e-04 | 72063.1s
  Step 334000/750000 | Loss: 0.053092 | LR: 1.76e-04 | 72170.7s
  Step 334500/750000 | Loss: 0.053623 | LR: 1.76e-04 | 72278.2s
  Step 335000/750000 | Loss: 0.052817 | LR: 1.75e-04 | 72385.0s
  Step 335500/750000 | Loss: 0.052912 | LR: 1.75e-04 | 72492.2s
  Step 336000/750000 | Loss: 0.053647 | LR: 1.75e-04 | 72599.2s
  Step 336500/750000 | Loss: 0.051848 | LR: 1.75e-04 | 72706.7s
  Step 337000/750000 | Loss: 0.052979 | LR: 1.74e-04 | 72814.5s
  Step 337500/750000 | Loss: 0.052776 | LR: 1.74e-04 | 72921.4s
  Step 338000/750000 | Loss: 0.055022 | LR: 1.74e-04 | 73029.0s
  Step 338500/750000 | Loss: 0.053374 | LR: 1.73e-04 | 73135.8s
  Step 339000/750000 | Loss: 0.053712 | LR: 1.73e-04 | 73243.2s
  Step 339500/750000 | Loss: 0.053088 | LR: 1.73e-04 | 73350.8s
  Step 340000/750000 | Loss: 0.053006 | LR: 1.72e-04 | 73457.4s
  Step 340500/750000 | Loss: 0.053377 | LR: 1.72e-04 | 73565.4s
  Step 341000/750000 | Loss: 0.053384 | LR: 1.72e-04 | 73673.2s
  Step 341500/750000 | Loss: 0.051884 | LR: 1.71e-04 | 73780.0s
  Step 342000/750000 | Loss: 0.055210 | LR: 1.71e-04 | 73887.5s
  Step 342500/750000 | Loss: 0.051702 | LR: 1.71e-04 | 73995.0s
  Step 343000/750000 | Loss: 0.052329 | LR: 1.70e-04 | 74102.3s
  Step 343500/750000 | Loss: 0.051773 | LR: 1.70e-04 | 74209.7s
  Step 344000/750000 | Loss: 0.055819 | LR: 1.70e-04 | 74316.7s
  Step 344500/750000 | Loss: 0.053500 | LR: 1.70e-04 | 74423.9s
  Step 345000/750000 | Loss: 0.052313 | LR: 1.69e-04 | 74530.8s
  Step 345500/750000 | Loss: 0.051828 | LR: 1.69e-04 | 74636.9s
  Step 346000/750000 | Loss: 0.054221 | LR: 1.69e-04 | 74743.9s
  Step 346500/750000 | Loss: 0.052880 | LR: 1.68e-04 | 74850.5s
  Step 347000/750000 | Loss: 0.052261 | LR: 1.68e-04 | 74957.7s
  Step 347500/750000 | Loss: 0.050751 | LR: 1.68e-04 | 75065.4s
  Step 348000/750000 | Loss: 0.051402 | LR: 1.67e-04 | 75173.1s
  Step 348500/750000 | Loss: 0.051802 | LR: 1.67e-04 | 75280.2s
  Step 349000/750000 | Loss: 0.049958 | LR: 1.67e-04 | 75386.1s
  Step 349500/750000 | Loss: 0.051922 | LR: 1.66e-04 | 75493.4s
  Step 350000/750000 | Loss: 0.052487 | LR: 1.66e-04 | 75601.5s
  [val] step 350000/750000 | held-out sampled-action MAE (ddim5): 0.23634
  Step 350500/750000 | Loss: 0.051229 | LR: 1.66e-04 | 75719.5s
  Step 351000/750000 | Loss: 0.052810 | LR: 1.66e-04 | 75825.9s
  Step 351500/750000 | Loss: 0.049515 | LR: 1.65e-04 | 75933.2s
  Step 352000/750000 | Loss: 0.051183 | LR: 1.65e-04 | 76040.2s
  Step 352500/750000 | Loss: 0.049970 | LR: 1.65e-04 | 76147.0s
  Step 353000/750000 | Loss: 0.054095 | LR: 1.64e-04 | 76254.5s
  Step 353500/750000 | Loss: 0.050580 | LR: 1.64e-04 | 76360.6s
  Step 354000/750000 | Loss: 0.049833 | LR: 1.64e-04 | 76467.1s
  Step 354500/750000 | Loss: 0.050180 | LR: 1.63e-04 | 76574.2s
  Step 355000/750000 | Loss: 0.049953 | LR: 1.63e-04 | 76681.9s
  Step 355500/750000 | Loss: 0.050142 | LR: 1.63e-04 | 76788.3s
  Step 356000/750000 | Loss: 0.049097 | LR: 1.62e-04 | 76895.0s
  Step 356500/750000 | Loss: 0.051798 | LR: 1.62e-04 | 77001.9s
  Step 357000/750000 | Loss: 0.049655 | LR: 1.62e-04 | 77109.0s
  Step 357500/750000 | Loss: 0.051398 | LR: 1.61e-04 | 77216.6s
  Step 358000/750000 | Loss: 0.049105 | LR: 1.61e-04 | 77323.9s
  Step 358500/750000 | Loss: 0.050267 | LR: 1.61e-04 | 77431.5s
  Step 359000/750000 | Loss: 0.051588 | LR: 1.61e-04 | 77538.8s
  Step 359500/750000 | Loss: 0.051782 | LR: 1.60e-04 | 77646.3s
  Step 360000/750000 | Loss: 0.050952 | LR: 1.60e-04 | 77754.0s
  Step 360500/750000 | Loss: 0.049954 | LR: 1.60e-04 | 77860.7s
  Step 361000/750000 | Loss: 0.050256 | LR: 1.59e-04 | 77967.2s
  Step 361500/750000 | Loss: 0.048444 | LR: 1.59e-04 | 78073.7s
  Step 362000/750000 | Loss: 0.051246 | LR: 1.59e-04 | 78180.3s
  Step 362500/750000 | Loss: 0.049556 | LR: 1.58e-04 | 78286.6s
  Step 363000/750000 | Loss: 0.050189 | LR: 1.58e-04 | 78393.0s
  Step 363500/750000 | Loss: 0.050951 | LR: 1.58e-04 | 78500.1s
  Step 364000/750000 | Loss: 0.049006 | LR: 1.57e-04 | 78607.7s
  Step 364500/750000 | Loss: 0.048653 | LR: 1.57e-04 | 78713.5s
  Step 365000/750000 | Loss: 0.050784 | LR: 1.57e-04 | 78819.9s
  Step 365500/750000 | Loss: 0.049210 | LR: 1.56e-04 | 78926.0s
  Step 366000/750000 | Loss: 0.048943 | LR: 1.56e-04 | 79033.6s
  Step 366500/750000 | Loss: 0.050019 | LR: 1.56e-04 | 79140.1s
  Step 367000/750000 | Loss: 0.048244 | LR: 1.56e-04 | 79247.2s
  Step 367500/750000 | Loss: 0.050510 | LR: 1.55e-04 | 79354.0s
  Step 368000/750000 | Loss: 0.049203 | LR: 1.55e-04 | 79460.9s
  Step 368500/750000 | Loss: 0.048149 | LR: 1.55e-04 | 79567.8s
  Step 369000/750000 | Loss: 0.048429 | LR: 1.54e-04 | 79675.1s
  Step 369500/750000 | Loss: 0.048810 | LR: 1.54e-04 | 79782.7s
  Step 370000/750000 | Loss: 0.047087 | LR: 1.54e-04 | 79889.0s
  Step 370500/750000 | Loss: 0.049231 | LR: 1.53e-04 | 79994.6s
  Step 371000/750000 | Loss: 0.049611 | LR: 1.53e-04 | 80101.5s
  Step 371500/750000 | Loss: 0.048067 | LR: 1.53e-04 | 80209.2s
  Step 372000/750000 | Loss: 0.049454 | LR: 1.52e-04 | 80316.6s
  Step 372500/750000 | Loss: 0.046761 | LR: 1.52e-04 | 80424.0s
  Step 373000/750000 | Loss: 0.047659 | LR: 1.52e-04 | 80530.4s
  Step 373500/750000 | Loss: 0.049573 | LR: 1.51e-04 | 80637.3s
  Step 374000/750000 | Loss: 0.049950 | LR: 1.51e-04 | 80743.9s
  Step 374500/750000 | Loss: 0.046950 | LR: 1.51e-04 | 80850.8s
  Step 375000/750000 | Loss: 0.045919 | LR: 1.51e-04 | 80958.4s
  [val] step 375000/750000 | held-out sampled-action MAE (ddim5): 0.23590
  Step 375500/750000 | Loss: 0.047926 | LR: 1.50e-04 | 81076.5s
  Step 376000/750000 | Loss: 0.048168 | LR: 1.50e-04 | 81182.7s
  Step 376500/750000 | Loss: 0.047964 | LR: 1.50e-04 | 81289.3s
  Step 377000/750000 | Loss: 0.047982 | LR: 1.49e-04 | 81396.4s
  Step 377500/750000 | Loss: 0.048621 | LR: 1.49e-04 | 81504.0s
  Step 378000/750000 | Loss: 0.047626 | LR: 1.49e-04 | 81611.5s
  Step 378500/750000 | Loss: 0.048371 | LR: 1.48e-04 | 81718.4s
  Step 379000/750000 | Loss: 0.048081 | LR: 1.48e-04 | 81824.8s
  Step 379500/750000 | Loss: 0.048517 | LR: 1.48e-04 | 81932.3s
  Step 380000/750000 | Loss: 0.047729 | LR: 1.47e-04 | 82038.8s
  Step 380500/750000 | Loss: 0.046131 | LR: 1.47e-04 | 82145.9s
  Step 381000/750000 | Loss: 0.048723 | LR: 1.47e-04 | 82253.5s
  Step 381500/750000 | Loss: 0.048443 | LR: 1.46e-04 | 82360.3s
  Step 382000/750000 | Loss: 0.047418 | LR: 1.46e-04 | 82467.4s
  Step 382500/750000 | Loss: 0.047094 | LR: 1.46e-04 | 82575.0s
  Step 383000/750000 | Loss: 0.047905 | LR: 1.45e-04 | 82682.4s
  Step 383500/750000 | Loss: 0.047459 | LR: 1.45e-04 | 82788.8s
  Step 384000/750000 | Loss: 0.047673 | LR: 1.45e-04 | 82895.5s
  Step 384500/750000 | Loss: 0.047525 | LR: 1.45e-04 | 83002.1s
  Step 385000/750000 | Loss: 0.045096 | LR: 1.44e-04 | 83108.8s
  Step 385500/750000 | Loss: 0.047869 | LR: 1.44e-04 | 83215.2s
  Step 386000/750000 | Loss: 0.046155 | LR: 1.44e-04 | 83322.8s
  Step 386500/750000 | Loss: 0.045583 | LR: 1.43e-04 | 83429.8s
  Step 387000/750000 | Loss: 0.046010 | LR: 1.43e-04 | 83535.7s
  Step 387500/750000 | Loss: 0.047545 | LR: 1.43e-04 | 83642.5s
  Step 388000/750000 | Loss: 0.047574 | LR: 1.42e-04 | 83749.9s
  Step 388500/750000 | Loss: 0.047445 | LR: 1.42e-04 | 83857.0s
  Step 389000/750000 | Loss: 0.045941 | LR: 1.42e-04 | 83963.6s
  Step 389500/750000 | Loss: 0.046762 | LR: 1.41e-04 | 84070.7s
  Step 390000/750000 | Loss: 0.045095 | LR: 1.41e-04 | 84177.2s
  Step 390500/750000 | Loss: 0.047080 | LR: 1.41e-04 | 84284.9s
  Step 391000/750000 | Loss: 0.047190 | LR: 1.40e-04 | 84392.0s
  Step 391500/750000 | Loss: 0.045476 | LR: 1.40e-04 | 84499.4s
  Step 392000/750000 | Loss: 0.046564 | LR: 1.40e-04 | 84606.0s
  Step 392500/750000 | Loss: 0.045161 | LR: 1.40e-04 | 84713.0s
  Step 393000/750000 | Loss: 0.045638 | LR: 1.39e-04 | 84820.1s
  Step 393500/750000 | Loss: 0.045771 | LR: 1.39e-04 | 84926.7s
  Step 394000/750000 | Loss: 0.045946 | LR: 1.39e-04 | 85034.7s
  Step 394500/750000 | Loss: 0.046645 | LR: 1.38e-04 | 85142.1s
  Step 395000/750000 | Loss: 0.046501 | LR: 1.38e-04 | 85248.9s
  Step 395500/750000 | Loss: 0.043466 | LR: 1.38e-04 | 85356.0s
  Step 396000/750000 | Loss: 0.045737 | LR: 1.37e-04 | 85462.9s
  Step 396500/750000 | Loss: 0.044784 | LR: 1.37e-04 | 85569.9s
  Step 397000/750000 | Loss: 0.046441 | LR: 1.37e-04 | 85676.8s
  Step 397500/750000 | Loss: 0.045523 | LR: 1.36e-04 | 85783.5s
  Step 398000/750000 | Loss: 0.045217 | LR: 1.36e-04 | 85890.7s
  Step 398500/750000 | Loss: 0.043768 | LR: 1.36e-04 | 85997.1s
  Step 399000/750000 | Loss: 0.044657 | LR: 1.35e-04 | 86104.6s
  Step 399500/750000 | Loss: 0.045141 | LR: 1.35e-04 | 86211.1s
  Step 400000/750000 | Loss: 0.045606 | LR: 1.35e-04 | 86318.3s
  [val] step 400000/750000 | held-out sampled-action MAE (ddim5): 0.23519
  Step 400500/750000 | Loss: 0.043543 | LR: 1.35e-04 | 86435.6s
  Step 401000/750000 | Loss: 0.044253 | LR: 1.34e-04 | 86542.9s
  Step 401500/750000 | Loss: 0.045304 | LR: 1.34e-04 | 86650.0s
  Step 402000/750000 | Loss: 0.044699 | LR: 1.34e-04 | 86757.4s
  Step 402500/750000 | Loss: 0.045596 | LR: 1.33e-04 | 86864.0s
  Step 403000/750000 | Loss: 0.044371 | LR: 1.33e-04 | 86970.7s
  Step 403500/750000 | Loss: 0.044439 | LR: 1.33e-04 | 87078.1s
  Step 404000/750000 | Loss: 0.044259 | LR: 1.32e-04 | 87185.1s
  Step 404500/750000 | Loss: 0.043940 | LR: 1.32e-04 | 87292.2s
  Step 405000/750000 | Loss: 0.042667 | LR: 1.32e-04 | 87399.0s
  Step 405500/750000 | Loss: 0.044271 | LR: 1.31e-04 | 87504.7s
  Step 406000/750000 | Loss: 0.042295 | LR: 1.31e-04 | 87611.9s
  Step 406500/750000 | Loss: 0.043815 | LR: 1.31e-04 | 87718.6s
  Step 407000/750000 | Loss: 0.043155 | LR: 1.31e-04 | 87825.8s
  Step 407500/750000 | Loss: 0.044416 | LR: 1.30e-04 | 87932.1s
  Step 408000/750000 | Loss: 0.044179 | LR: 1.30e-04 | 88039.5s
  Step 408500/750000 | Loss: 0.044810 | LR: 1.30e-04 | 88147.4s
  Step 409000/750000 | Loss: 0.044375 | LR: 1.29e-04 | 88255.3s
  Step 409500/750000 | Loss: 0.042302 | LR: 1.29e-04 | 88361.5s
  Step 410000/750000 | Loss: 0.043437 | LR: 1.29e-04 | 88468.9s
  Step 410500/750000 | Loss: 0.043528 | LR: 1.28e-04 | 88576.2s
  Step 411000/750000 | Loss: 0.044647 | LR: 1.28e-04 | 88683.4s
  Step 411500/750000 | Loss: 0.043785 | LR: 1.28e-04 | 88789.9s
  Step 412000/750000 | Loss: 0.042959 | LR: 1.27e-04 | 88896.8s
  Step 412500/750000 | Loss: 0.043685 | LR: 1.27e-04 | 89002.9s
  Step 413000/750000 | Loss: 0.042686 | LR: 1.27e-04 | 89110.5s
  Step 413500/750000 | Loss: 0.041258 | LR: 1.26e-04 | 89217.6s
  Step 414000/750000 | Loss: 0.043218 | LR: 1.26e-04 | 89324.9s
  Step 414500/750000 | Loss: 0.043488 | LR: 1.26e-04 | 89432.4s
  Step 415000/750000 | Loss: 0.042837 | LR: 1.26e-04 | 89540.3s
  Step 415500/750000 | Loss: 0.043259 | LR: 1.25e-04 | 89648.0s
  Step 416000/750000 | Loss: 0.044146 | LR: 1.25e-04 | 89754.9s
  Step 416500/750000 | Loss: 0.042558 | LR: 1.25e-04 | 89862.0s
  Step 417000/750000 | Loss: 0.040821 | LR: 1.24e-04 | 89968.8s
  Step 417500/750000 | Loss: 0.043190 | LR: 1.24e-04 | 90075.4s
  Step 418000/750000 | Loss: 0.041607 | LR: 1.24e-04 | 90183.1s
  Step 418500/750000 | Loss: 0.043281 | LR: 1.23e-04 | 90290.6s
  Step 419000/750000 | Loss: 0.040789 | LR: 1.23e-04 | 90397.2s
  Step 419500/750000 | Loss: 0.041628 | LR: 1.23e-04 | 90503.8s
  Step 420000/750000 | Loss: 0.042582 | LR: 1.22e-04 | 90611.3s
  Step 420500/750000 | Loss: 0.042894 | LR: 1.22e-04 | 90718.5s
  Step 421000/750000 | Loss: 0.041944 | LR: 1.22e-04 | 90826.7s
  Step 421500/750000 | Loss: 0.041307 | LR: 1.22e-04 | 90934.5s
  Step 422000/750000 | Loss: 0.043296 | LR: 1.21e-04 | 91042.8s
  Step 422500/750000 | Loss: 0.042193 | LR: 1.21e-04 | 91149.7s
  Step 423000/750000 | Loss: 0.042788 | LR: 1.21e-04 | 91257.3s
  Step 423500/750000 | Loss: 0.042939 | LR: 1.20e-04 | 91364.4s
  Step 424000/750000 | Loss: 0.041154 | LR: 1.20e-04 | 91471.9s
  Step 424500/750000 | Loss: 0.041586 | LR: 1.20e-04 | 91578.6s
  Step 425000/750000 | Loss: 0.041643 | LR: 1.19e-04 | 91685.9s
  [val] step 425000/750000 | held-out sampled-action MAE (ddim5): 0.23584
  Step 425500/750000 | Loss: 0.041488 | LR: 1.19e-04 | 91805.5s
  Step 426000/750000 | Loss: 0.041005 | LR: 1.19e-04 | 91913.2s
  Step 426500/750000 | Loss: 0.041538 | LR: 1.18e-04 | 92019.9s
  Step 427000/750000 | Loss: 0.041550 | LR: 1.18e-04 | 92127.0s
  Step 427500/750000 | Loss: 0.042117 | LR: 1.18e-04 | 92234.8s
  Step 428000/750000 | Loss: 0.041331 | LR: 1.18e-04 | 92341.7s
  Step 428500/750000 | Loss: 0.041807 | LR: 1.17e-04 | 92448.4s
  Step 429000/750000 | Loss: 0.039806 | LR: 1.17e-04 | 92555.8s
  Step 429500/750000 | Loss: 0.041280 | LR: 1.17e-04 | 92663.4s
  Step 430000/750000 | Loss: 0.039500 | LR: 1.16e-04 | 92770.4s
  Step 430500/750000 | Loss: 0.043011 | LR: 1.16e-04 | 92877.7s
  Step 431000/750000 | Loss: 0.040676 | LR: 1.16e-04 | 92984.5s
  Step 431500/750000 | Loss: 0.040086 | LR: 1.15e-04 | 93091.5s
  Step 432000/750000 | Loss: 0.041022 | LR: 1.15e-04 | 93198.3s
  Step 432500/750000 | Loss: 0.041354 | LR: 1.15e-04 | 93304.9s
  Step 433000/750000 | Loss: 0.041421 | LR: 1.15e-04 | 93412.5s
  Step 433500/750000 | Loss: 0.039470 | LR: 1.14e-04 | 93519.2s
  Step 434000/750000 | Loss: 0.040859 | LR: 1.14e-04 | 93626.4s
  Step 434500/750000 | Loss: 0.040204 | LR: 1.14e-04 | 93733.8s
  Step 435000/750000 | Loss: 0.041108 | LR: 1.13e-04 | 93840.4s
  Step 435500/750000 | Loss: 0.040249 | LR: 1.13e-04 | 93946.5s
  Step 436000/750000 | Loss: 0.040490 | LR: 1.13e-04 | 94053.5s
  Step 436500/750000 | Loss: 0.040264 | LR: 1.12e-04 | 94160.7s
  Step 437000/750000 | Loss: 0.040306 | LR: 1.12e-04 | 94267.0s
  Step 437500/750000 | Loss: 0.039771 | LR: 1.12e-04 | 94373.8s
  Step 438000/750000 | Loss: 0.039764 | LR: 1.12e-04 | 94481.0s
  Step 438500/750000 | Loss: 0.041018 | LR: 1.11e-04 | 94588.1s
  Step 439000/750000 | Loss: 0.039229 | LR: 1.11e-04 | 94694.9s
  Step 439500/750000 | Loss: 0.039534 | LR: 1.11e-04 | 94801.4s
  Step 440000/750000 | Loss: 0.039409 | LR: 1.10e-04 | 94909.0s
  Step 440500/750000 | Loss: 0.038328 | LR: 1.10e-04 | 95017.0s
  Step 441000/750000 | Loss: 0.039426 | LR: 1.10e-04 | 95123.7s
  Step 441500/750000 | Loss: 0.039515 | LR: 1.09e-04 | 95230.0s
  Step 442000/750000 | Loss: 0.038338 | LR: 1.09e-04 | 95337.3s
  Step 442500/750000 | Loss: 0.040122 | LR: 1.09e-04 | 95444.4s
  Step 443000/750000 | Loss: 0.039098 | LR: 1.08e-04 | 95551.1s
  Step 443500/750000 | Loss: 0.039637 | LR: 1.08e-04 | 95658.2s
  Step 444000/750000 | Loss: 0.037807 | LR: 1.08e-04 | 95764.3s
  Step 444500/750000 | Loss: 0.039317 | LR: 1.08e-04 | 95869.5s
  Step 445000/750000 | Loss: 0.040635 | LR: 1.07e-04 | 95976.0s
  Step 445500/750000 | Loss: 0.038243 | LR: 1.07e-04 | 96081.9s
  Step 446000/750000 | Loss: 0.040792 | LR: 1.07e-04 | 96188.3s
  Step 446500/750000 | Loss: 0.038319 | LR: 1.06e-04 | 96293.9s
  Step 447000/750000 | Loss: 0.039091 | LR: 1.06e-04 | 96400.9s
  Step 447500/750000 | Loss: 0.039900 | LR: 1.06e-04 | 96506.8s
  Step 448000/750000 | Loss: 0.038966 | LR: 1.05e-04 | 96614.3s
  Step 448500/750000 | Loss: 0.037577 | LR: 1.05e-04 | 96721.6s
  Step 449000/750000 | Loss: 0.038300 | LR: 1.05e-04 | 96828.5s
  Step 449500/750000 | Loss: 0.037412 | LR: 1.05e-04 | 96935.7s
  Step 450000/750000 | Loss: 0.039653 | LR: 1.04e-04 | 97042.9s
  [val] step 450000/750000 | held-out sampled-action MAE (ddim5): 0.23638
  Step 450500/750000 | Loss: 0.038658 | LR: 1.04e-04 | 97161.4s
  Step 451000/750000 | Loss: 0.039227 | LR: 1.04e-04 | 97267.5s
  Step 451500/750000 | Loss: 0.038971 | LR: 1.03e-04 | 97375.2s
  Step 452000/750000 | Loss: 0.038462 | LR: 1.03e-04 | 97483.1s
  Step 452500/750000 | Loss: 0.038558 | LR: 1.03e-04 | 97590.3s
  Step 453000/750000 | Loss: 0.038141 | LR: 1.03e-04 | 97697.8s
  Step 453500/750000 | Loss: 0.038111 | LR: 1.02e-04 | 97804.8s
  Step 454000/750000 | Loss: 0.037669 | LR: 1.02e-04 | 97912.2s
  Step 454500/750000 | Loss: 0.038157 | LR: 1.02e-04 | 98019.2s
  Step 455000/750000 | Loss: 0.037104 | LR: 1.01e-04 | 98126.5s
  Step 455500/750000 | Loss: 0.037795 | LR: 1.01e-04 | 98233.8s
  Step 456000/750000 | Loss: 0.037610 | LR: 1.01e-04 | 98341.1s
  Step 456500/750000 | Loss: 0.037499 | LR: 1.00e-04 | 98448.5s
  Step 457000/750000 | Loss: 0.038250 | LR: 1.00e-04 | 98555.0s
  Step 457500/750000 | Loss: 0.035825 | LR: 9.99e-05 | 98662.7s
  Step 458000/750000 | Loss: 0.037290 | LR: 9.96e-05 | 98769.0s
  Step 458500/750000 | Loss: 0.037315 | LR: 9.93e-05 | 98875.6s
  Step 459000/750000 | Loss: 0.037177 | LR: 9.90e-05 | 98982.3s
  Step 459500/750000 | Loss: 0.037967 | LR: 9.87e-05 | 99088.2s
  Step 460000/750000 | Loss: 0.037239 | LR: 9.84e-05 | 99194.9s
  Step 460500/750000 | Loss: 0.036034 | LR: 9.81e-05 | 99300.6s
  Step 461000/750000 | Loss: 0.036387 | LR: 9.78e-05 | 99407.2s
  Step 461500/750000 | Loss: 0.036274 | LR: 9.75e-05 | 99514.0s
  Step 462000/750000 | Loss: 0.036797 | LR: 9.72e-05 | 99619.8s
  Step 462500/750000 | Loss: 0.035151 | LR: 9.69e-05 | 99726.9s
  Step 463000/750000 | Loss: 0.036044 | LR: 9.66e-05 | 99834.7s
  Step 463500/750000 | Loss: 0.035961 | LR: 9.63e-05 | 99941.3s
  Step 464000/750000 | Loss: 0.036512 | LR: 9.60e-05 | 100048.6s
  Step 464500/750000 | Loss: 0.035665 | LR: 9.58e-05 | 100155.5s
  Step 465000/750000 | Loss: 0.036488 | LR: 9.55e-05 | 100262.7s
  Step 465500/750000 | Loss: 0.035746 | LR: 9.52e-05 | 100369.4s
  Step 466000/750000 | Loss: 0.036541 | LR: 9.49e-05 | 100476.1s
  Step 466500/750000 | Loss: 0.035419 | LR: 9.46e-05 | 100583.5s
  Step 467000/750000 | Loss: 0.036517 | LR: 9.43e-05 | 100691.3s
  Step 467500/750000 | Loss: 0.036066 | LR: 9.40e-05 | 100798.4s
  Step 468000/750000 | Loss: 0.036085 | LR: 9.37e-05 | 100905.0s
  Step 468500/750000 | Loss: 0.035154 | LR: 9.34e-05 | 101011.8s
  Step 469000/750000 | Loss: 0.036080 | LR: 9.31e-05 | 101119.5s
  Step 469500/750000 | Loss: 0.036128 | LR: 9.29e-05 | 101226.1s
  Step 470000/750000 | Loss: 0.035215 | LR: 9.26e-05 | 101333.3s
  Step 470500/750000 | Loss: 0.036367 | LR: 9.23e-05 | 101440.9s
  Step 471000/750000 | Loss: 0.034826 | LR: 9.20e-05 | 101548.1s
  Step 471500/750000 | Loss: 0.034713 | LR: 9.17e-05 | 101655.0s
  Step 472000/750000 | Loss: 0.034717 | LR: 9.14e-05 | 101762.3s
  Step 472500/750000 | Loss: 0.035371 | LR: 9.11e-05 | 101869.7s
  Step 473000/750000 | Loss: 0.034041 | LR: 9.08e-05 | 101976.8s
  Step 473500/750000 | Loss: 0.034412 | LR: 9.06e-05 | 102083.8s
  Step 474000/750000 | Loss: 0.034445 | LR: 9.03e-05 | 102190.4s
  Step 474500/750000 | Loss: 0.035739 | LR: 9.00e-05 | 102297.4s
  Step 475000/750000 | Loss: 0.035521 | LR: 8.97e-05 | 102404.2s
  [val] step 475000/750000 | held-out sampled-action MAE (ddim5): 0.23643
  Step 475500/750000 | Loss: 0.035836 | LR: 8.94e-05 | 102523.0s
  Step 476000/750000 | Loss: 0.035272 | LR: 8.91e-05 | 102630.5s
  Step 476500/750000 | Loss: 0.034028 | LR: 8.88e-05 | 102737.1s
  Step 477000/750000 | Loss: 0.034863 | LR: 8.86e-05 | 102844.2s
  Step 477500/750000 | Loss: 0.035992 | LR: 8.83e-05 | 102950.9s
  Step 478000/750000 | Loss: 0.034231 | LR: 8.80e-05 | 103058.7s
  Step 478500/750000 | Loss: 0.034718 | LR: 8.77e-05 | 103165.8s
  Step 479000/750000 | Loss: 0.032824 | LR: 8.74e-05 | 103272.5s
  Step 479500/750000 | Loss: 0.033942 | LR: 8.71e-05 | 103379.3s
  Step 480000/750000 | Loss: 0.033630 | LR: 8.68e-05 | 103485.8s
  Step 480500/750000 | Loss: 0.032995 | LR: 8.66e-05 | 103592.8s
  Step 481000/750000 | Loss: 0.033385 | LR: 8.63e-05 | 103699.7s
  Step 481500/750000 | Loss: 0.033067 | LR: 8.60e-05 | 103805.5s
  Step 482000/750000 | Loss: 0.035662 | LR: 8.57e-05 | 103912.6s
  Step 482500/750000 | Loss: 0.033402 | LR: 8.54e-05 | 104018.9s
  Step 483000/750000 | Loss: 0.035121 | LR: 8.52e-05 | 104125.3s
  Step 483500/750000 | Loss: 0.033563 | LR: 8.49e-05 | 104232.1s
  Step 484000/750000 | Loss: 0.034335 | LR: 8.46e-05 | 104338.1s
  Step 484500/750000 | Loss: 0.034393 | LR: 8.43e-05 | 104444.9s
  Step 485000/750000 | Loss: 0.034124 | LR: 8.40e-05 | 104551.0s
  Step 485500/750000 | Loss: 0.032830 | LR: 8.37e-05 | 104658.1s
  Step 486000/750000 | Loss: 0.033872 | LR: 8.35e-05 | 104764.8s
  Step 486500/750000 | Loss: 0.034105 | LR: 8.32e-05 | 104870.8s
  Step 487000/750000 | Loss: 0.033518 | LR: 8.29e-05 | 104977.8s
  Step 487500/750000 | Loss: 0.033857 | LR: 8.26e-05 | 105083.3s
  Step 488000/750000 | Loss: 0.034600 | LR: 8.23e-05 | 105190.8s
  Step 488500/750000 | Loss: 0.033828 | LR: 8.21e-05 | 105297.7s
  Step 489000/750000 | Loss: 0.032532 | LR: 8.18e-05 | 105404.9s
  Step 489500/750000 | Loss: 0.032733 | LR: 8.15e-05 | 105512.5s
  Step 490000/750000 | Loss: 0.032571 | LR: 8.12e-05 | 105619.2s
  Step 490500/750000 | Loss: 0.033840 | LR: 8.10e-05 | 105726.1s
  Step 491000/750000 | Loss: 0.032747 | LR: 8.07e-05 | 105832.2s
  Step 491500/750000 | Loss: 0.033019 | LR: 8.04e-05 | 105938.9s
  Step 492000/750000 | Loss: 0.032999 | LR: 8.01e-05 | 106046.3s
  Step 492500/750000 | Loss: 0.032556 | LR: 7.99e-05 | 106153.1s
  Step 493000/750000 | Loss: 0.032825 | LR: 7.96e-05 | 106260.2s
  Step 493500/750000 | Loss: 0.033419 | LR: 7.93e-05 | 106365.9s
  Step 494000/750000 | Loss: 0.032348 | LR: 7.90e-05 | 106472.5s
  Step 494500/750000 | Loss: 0.032346 | LR: 7.88e-05 | 106579.4s
  Step 495000/750000 | Loss: 0.033125 | LR: 7.85e-05 | 106686.1s
  Step 495500/750000 | Loss: 0.032915 | LR: 7.82e-05 | 106794.1s
  Step 496000/750000 | Loss: 0.031858 | LR: 7.79e-05 | 106901.1s
  Step 496500/750000 | Loss: 0.031597 | LR: 7.77e-05 | 107008.2s
  Step 497000/750000 | Loss: 0.032398 | LR: 7.74e-05 | 107115.4s
  Step 497500/750000 | Loss: 0.032619 | LR: 7.71e-05 | 107223.0s
  Step 498000/750000 | Loss: 0.032943 | LR: 7.68e-05 | 107329.7s
  Step 498500/750000 | Loss: 0.031151 | LR: 7.66e-05 | 107436.7s
  Step 499000/750000 | Loss: 0.030819 | LR: 7.63e-05 | 107542.5s
  Step 499500/750000 | Loss: 0.032242 | LR: 7.60e-05 | 107649.2s
  Step 500000/750000 | Loss: 0.032191 | LR: 7.58e-05 | 107756.6s
  [val] step 500000/750000 | held-out sampled-action MAE (ddim5): 0.23737
  Step 500500/750000 | Loss: 0.031811 | LR: 7.55e-05 | 107874.0s
  Step 501000/750000 | Loss: 0.032769 | LR: 7.52e-05 | 107980.3s
  Step 501500/750000 | Loss: 0.033247 | LR: 7.49e-05 | 108087.0s
  Step 502000/750000 | Loss: 0.032296 | LR: 7.47e-05 | 108194.3s
  Step 502500/750000 | Loss: 0.031201 | LR: 7.44e-05 | 108300.8s
  Step 503000/750000 | Loss: 0.030605 | LR: 7.41e-05 | 108406.9s
  Step 503500/750000 | Loss: 0.032198 | LR: 7.39e-05 | 108513.8s
  Step 504000/750000 | Loss: 0.031775 | LR: 7.36e-05 | 108622.0s
  Step 504500/750000 | Loss: 0.031893 | LR: 7.33e-05 | 108729.3s
  Step 505000/750000 | Loss: 0.031460 | LR: 7.31e-05 | 108835.7s
  Step 505500/750000 | Loss: 0.030507 | LR: 7.28e-05 | 108942.9s
  Step 506000/750000 | Loss: 0.030864 | LR: 7.25e-05 | 109049.7s
  Step 506500/750000 | Loss: 0.031153 | LR: 7.23e-05 | 109156.4s
  Step 507000/750000 | Loss: 0.030854 | LR: 7.20e-05 | 109263.1s
  Step 507500/750000 | Loss: 0.031178 | LR: 7.17e-05 | 109370.2s
  Step 508000/750000 | Loss: 0.030803 | LR: 7.15e-05 | 109477.4s
  Step 508500/750000 | Loss: 0.030546 | LR: 7.12e-05 | 109583.4s
  Step 509000/750000 | Loss: 0.030362 | LR: 7.09e-05 | 109689.6s
  Step 509500/750000 | Loss: 0.032206 | LR: 7.07e-05 | 109796.1s
  Step 510000/750000 | Loss: 0.030282 | LR: 7.04e-05 | 109903.0s
  Step 510500/750000 | Loss: 0.030379 | LR: 7.01e-05 | 110009.4s
  Step 511000/750000 | Loss: 0.030436 | LR: 6.99e-05 | 110115.6s
  Step 511500/750000 | Loss: 0.030499 | LR: 6.96e-05 | 110222.4s
  Step 512000/750000 | Loss: 0.030182 | LR: 6.93e-05 | 110328.7s
  Step 512500/750000 | Loss: 0.031402 | LR: 6.91e-05 | 110435.3s
  Step 513000/750000 | Loss: 0.030281 | LR: 6.88e-05 | 110541.5s
  Step 513500/750000 | Loss: 0.030995 | LR: 6.86e-05 | 110648.9s
  Step 514000/750000 | Loss: 0.030899 | LR: 6.83e-05 | 110756.3s
  Step 514500/750000 | Loss: 0.030458 | LR: 6.80e-05 | 110864.3s
  Step 515000/750000 | Loss: 0.028929 | LR: 6.78e-05 | 110971.8s
  Step 515500/750000 | Loss: 0.029836 | LR: 6.75e-05 | 111079.1s
  Step 516000/750000 | Loss: 0.029802 | LR: 6.72e-05 | 111186.7s
  Step 516500/750000 | Loss: 0.029163 | LR: 6.70e-05 | 111293.2s
  Step 517000/750000 | Loss: 0.030394 | LR: 6.67e-05 | 111400.5s
  Step 517500/750000 | Loss: 0.028773 | LR: 6.65e-05 | 111507.6s
  Step 518000/750000 | Loss: 0.029647 | LR: 6.62e-05 | 111614.8s
  Step 518500/750000 | Loss: 0.028127 | LR: 6.60e-05 | 111721.8s
  Step 519000/750000 | Loss: 0.029671 | LR: 6.57e-05 | 111829.6s
  Step 519500/750000 | Loss: 0.029644 | LR: 6.54e-05 | 111937.0s
  Step 520000/750000 | Loss: 0.029136 | LR: 6.52e-05 | 112044.3s
  Step 520500/750000 | Loss: 0.029042 | LR: 6.49e-05 | 112152.1s
  Step 521000/750000 | Loss: 0.029772 | LR: 6.47e-05 | 112258.8s
  Step 521500/750000 | Loss: 0.029146 | LR: 6.44e-05 | 112366.1s
  Step 522000/750000 | Loss: 0.028452 | LR: 6.42e-05 | 112473.1s
  Step 522500/750000 | Loss: 0.029407 | LR: 6.39e-05 | 112580.0s
  Step 523000/750000 | Loss: 0.030095 | LR: 6.36e-05 | 112686.6s
  Step 523500/750000 | Loss: 0.028654 | LR: 6.34e-05 | 112793.7s
  Step 524000/750000 | Loss: 0.028759 | LR: 6.31e-05 | 112900.5s
  Step 524500/750000 | Loss: 0.029322 | LR: 6.29e-05 | 113007.1s
  Step 525000/750000 | Loss: 0.028614 | LR: 6.26e-05 | 113114.1s
  [val] step 525000/750000 | held-out sampled-action MAE (ddim5): 0.23743
  Step 525500/750000 | Loss: 0.028851 | LR: 6.24e-05 | 113231.8s
  Step 526000/750000 | Loss: 0.029053 | LR: 6.21e-05 | 113338.2s
  Step 526500/750000 | Loss: 0.029526 | LR: 6.19e-05 | 113445.0s
  Step 527000/750000 | Loss: 0.029100 | LR: 6.16e-05 | 113552.1s
  Step 527500/750000 | Loss: 0.027928 | LR: 6.14e-05 | 113659.7s
  Step 528000/750000 | Loss: 0.027466 | LR: 6.11e-05 | 113767.0s
  Step 528500/750000 | Loss: 0.029462 | LR: 6.09e-05 | 113874.8s
  Step 529000/750000 | Loss: 0.028201 | LR: 6.06e-05 | 113981.4s
  Step 529500/750000 | Loss: 0.028298 | LR: 6.04e-05 | 114088.6s
  Step 530000/750000 | Loss: 0.028782 | LR: 6.01e-05 | 114195.8s
  Step 530500/750000 | Loss: 0.028466 | LR: 5.99e-05 | 114303.8s
  Step 531000/750000 | Loss: 0.027987 | LR: 5.96e-05 | 114410.2s
  Step 531500/750000 | Loss: 0.027804 | LR: 5.94e-05 | 114517.4s
  Step 532000/750000 | Loss: 0.029657 | LR: 5.91e-05 | 114624.0s
  Step 532500/750000 | Loss: 0.027540 | LR: 5.89e-05 | 114730.4s
  Step 533000/750000 | Loss: 0.028002 | LR: 5.86e-05 | 114837.7s
  Step 533500/750000 | Loss: 0.028333 | LR: 5.84e-05 | 114944.6s
  Step 534000/750000 | Loss: 0.027687 | LR: 5.81e-05 | 115051.4s
  Step 534500/750000 | Loss: 0.028334 | LR: 5.79e-05 | 115158.6s
  Step 535000/750000 | Loss: 0.028948 | LR: 5.76e-05 | 115265.7s
  Step 535500/750000 | Loss: 0.026665 | LR: 5.74e-05 | 115372.1s
  Step 536000/750000 | Loss: 0.028676 | LR: 5.71e-05 | 115478.6s
  Step 536500/750000 | Loss: 0.026329 | LR: 5.69e-05 | 115585.7s
  Step 537000/750000 | Loss: 0.027866 | LR: 5.67e-05 | 115692.1s
  Step 537500/750000 | Loss: 0.026172 | LR: 5.64e-05 | 115799.3s
  Step 538000/750000 | Loss: 0.026706 | LR: 5.62e-05 | 115904.9s
  Step 538500/750000 | Loss: 0.027745 | LR: 5.59e-05 | 116011.8s
  Step 539000/750000 | Loss: 0.026487 | LR: 5.57e-05 | 116118.8s
  Step 539500/750000 | Loss: 0.026553 | LR: 5.54e-05 | 116225.9s
  Step 540000/750000 | Loss: 0.027057 | LR: 5.52e-05 | 116332.2s
  Step 540500/750000 | Loss: 0.026694 | LR: 5.50e-05 | 116439.2s
  Step 541000/750000 | Loss: 0.026170 | LR: 5.47e-05 | 116546.2s
  Step 541500/750000 | Loss: 0.026552 | LR: 5.45e-05 | 116652.9s
  Step 542000/750000 | Loss: 0.027310 | LR: 5.42e-05 | 116759.6s
  Step 542500/750000 | Loss: 0.027024 | LR: 5.40e-05 | 116866.0s
  Step 543000/750000 | Loss: 0.025901 | LR: 5.38e-05 | 116972.4s
  Step 543500/750000 | Loss: 0.026956 | LR: 5.35e-05 | 117078.4s
  Step 544000/750000 | Loss: 0.026007 | LR: 5.33e-05 | 117184.3s
  Step 544500/750000 | Loss: 0.027040 | LR: 5.31e-05 | 117291.0s
  Step 545000/750000 | Loss: 0.026824 | LR: 5.28e-05 | 117398.1s
  Step 545500/750000 | Loss: 0.026299 | LR: 5.26e-05 | 117504.7s
  Step 546000/750000 | Loss: 0.026673 | LR: 5.23e-05 | 117611.0s
  Step 546500/750000 | Loss: 0.026862 | LR: 5.21e-05 | 117718.0s
  Step 547000/750000 | Loss: 0.026941 | LR: 5.19e-05 | 117825.6s
  Step 547500/750000 | Loss: 0.027162 | LR: 5.16e-05 | 117932.2s
  Step 548000/750000 | Loss: 0.025801 | LR: 5.14e-05 | 118038.7s
  Step 548500/750000 | Loss: 0.025583 | LR: 5.12e-05 | 118145.4s
  Step 549000/750000 | Loss: 0.025857 | LR: 5.09e-05 | 118252.1s
  Step 549500/750000 | Loss: 0.025576 | LR: 5.07e-05 | 118359.0s
  Step 550000/750000 | Loss: 0.025728 | LR: 5.05e-05 | 118465.8s
  [val] step 550000/750000 | held-out sampled-action MAE (ddim5): 0.23759
  Step 550500/750000 | Loss: 0.026350 | LR: 5.02e-05 | 118583.6s
  Step 551000/750000 | Loss: 0.024425 | LR: 5.00e-05 | 118689.9s
  Step 551500/750000 | Loss: 0.025137 | LR: 4.98e-05 | 118797.3s
  Step 552000/750000 | Loss: 0.025540 | LR: 4.95e-05 | 118904.9s
  Step 552500/750000 | Loss: 0.025934 | LR: 4.93e-05 | 119012.7s
  Step 553000/750000 | Loss: 0.025245 | LR: 4.91e-05 | 119120.3s
  Step 553500/750000 | Loss: 0.025811 | LR: 4.88e-05 | 119228.0s
  Step 554000/750000 | Loss: 0.024764 | LR: 4.86e-05 | 119335.2s
  Step 554500/750000 | Loss: 0.024075 | LR: 4.84e-05 | 119442.3s
  Step 555000/750000 | Loss: 0.026124 | LR: 4.82e-05 | 119550.2s
  Step 555500/750000 | Loss: 0.026028 | LR: 4.79e-05 | 119657.5s
  Step 556000/750000 | Loss: 0.025541 | LR: 4.77e-05 | 119765.4s
  Step 556500/750000 | Loss: 0.025382 | LR: 4.75e-05 | 119872.7s
  Step 557000/750000 | Loss: 0.025428 | LR: 4.73e-05 | 119979.4s
  Step 557500/750000 | Loss: 0.024290 | LR: 4.70e-05 | 120085.9s
  Step 558000/750000 | Loss: 0.024617 | LR: 4.68e-05 | 120192.0s
  Step 558500/750000 | Loss: 0.025151 | LR: 4.66e-05 | 120299.6s
  Step 559000/750000 | Loss: 0.024788 | LR: 4.63e-05 | 120406.5s
  Step 559500/750000 | Loss: 0.025012 | LR: 4.61e-05 | 120513.6s
  Step 560000/750000 | Loss: 0.024734 | LR: 4.59e-05 | 120620.6s
  Step 560500/750000 | Loss: 0.024372 | LR: 4.57e-05 | 120727.2s
  Step 561000/750000 | Loss: 0.024831 | LR: 4.55e-05 | 120834.6s
  Step 561500/750000 | Loss: 0.024187 | LR: 4.52e-05 | 120941.3s
  Step 562000/750000 | Loss: 0.024490 | LR: 4.50e-05 | 121049.0s
  Step 562500/750000 | Loss: 0.025010 | LR: 4.48e-05 | 121156.3s
  Step 563000/750000 | Loss: 0.024520 | LR: 4.46e-05 | 121263.1s
  Step 563500/750000 | Loss: 0.025119 | LR: 4.43e-05 | 121350.7s
  Step 564000/750000 | Loss: 0.024123 | LR: 4.41e-05 | 121431.7s
  Step 564500/750000 | Loss: 0.024193 | LR: 4.39e-05 | 121509.9s
  Step 565000/750000 | Loss: 0.024368 | LR: 4.37e-05 | 121592.1s
  Step 565500/750000 | Loss: 0.024911 | LR: 4.35e-05 | 121675.2s
  Step 566000/750000 | Loss: 0.024165 | LR: 4.32e-05 | 121759.5s
  Step 566500/750000 | Loss: 0.023738 | LR: 4.30e-05 | 121843.0s
  Step 567000/750000 | Loss: 0.023919 | LR: 4.28e-05 | 121926.9s
  Step 567500/750000 | Loss: 0.024776 | LR: 4.26e-05 | 122011.1s
  Step 568000/750000 | Loss: 0.024678 | LR: 4.24e-05 | 122094.7s
  Step 568500/750000 | Loss: 0.022841 | LR: 4.22e-05 | 122178.6s
  Step 569000/750000 | Loss: 0.024064 | LR: 4.19e-05 | 122263.0s
  Step 569500/750000 | Loss: 0.023812 | LR: 4.17e-05 | 122347.5s
  Step 570000/750000 | Loss: 0.024109 | LR: 4.15e-05 | 122430.5s
  Step 570500/750000 | Loss: 0.023731 | LR: 4.13e-05 | 122514.3s
  Step 571000/750000 | Loss: 0.023407 | LR: 4.11e-05 | 122597.3s
  Step 571500/750000 | Loss: 0.023124 | LR: 4.09e-05 | 122680.9s
  Step 572000/750000 | Loss: 0.023527 | LR: 4.07e-05 | 122764.3s
  Step 572500/750000 | Loss: 0.023313 | LR: 4.05e-05 | 122848.7s
  Step 573000/750000 | Loss: 0.023562 | LR: 4.02e-05 | 122932.0s
  Step 573500/750000 | Loss: 0.023293 | LR: 4.00e-05 | 123015.9s
  Step 574000/750000 | Loss: 0.023488 | LR: 3.98e-05 | 123099.6s
  Step 574500/750000 | Loss: 0.022785 | LR: 3.96e-05 | 123184.1s
  Step 575000/750000 | Loss: 0.022696 | LR: 3.94e-05 | 123266.4s
  [val] step 575000/750000 | held-out sampled-action MAE (ddim5): 0.23920
  Step 575500/750000 | Loss: 0.022999 | LR: 3.92e-05 | 123359.1s
  Step 576000/750000 | Loss: 0.024040 | LR: 3.90e-05 | 123443.1s
  Step 576500/750000 | Loss: 0.022609 | LR: 3.88e-05 | 123526.6s
  Step 577000/750000 | Loss: 0.024308 | LR: 3.86e-05 | 123609.9s
  Step 577500/750000 | Loss: 0.022686 | LR: 3.84e-05 | 123693.6s
  Step 578000/750000 | Loss: 0.024023 | LR: 3.82e-05 | 123777.0s
  Step 578500/750000 | Loss: 0.022825 | LR: 3.79e-05 | 123861.3s
  Step 579000/750000 | Loss: 0.023431 | LR: 3.77e-05 | 123944.4s
  Step 579500/750000 | Loss: 0.023388 | LR: 3.75e-05 | 124027.8s
  Step 580000/750000 | Loss: 0.022795 | LR: 3.73e-05 | 124112.1s
  Step 580500/750000 | Loss: 0.022540 | LR: 3.71e-05 | 124195.4s
  Step 581000/750000 | Loss: 0.022458 | LR: 3.69e-05 | 124278.8s
  Step 581500/750000 | Loss: 0.022037 | LR: 3.67e-05 | 124362.3s
  Step 582000/750000 | Loss: 0.022960 | LR: 3.65e-05 | 124446.2s
  Step 582500/750000 | Loss: 0.022350 | LR: 3.63e-05 | 124529.7s
  Step 583000/750000 | Loss: 0.021799 | LR: 3.61e-05 | 124612.0s
  Step 583500/750000 | Loss: 0.023087 | LR: 3.59e-05 | 124695.2s
  Step 584000/750000 | Loss: 0.022264 | LR: 3.57e-05 | 124779.1s
  Step 584500/750000 | Loss: 0.022424 | LR: 3.55e-05 | 124863.0s
  Step 585000/750000 | Loss: 0.021677 | LR: 3.53e-05 | 124945.8s
  Step 585500/750000 | Loss: 0.021009 | LR: 3.51e-05 | 125029.4s
  Step 586000/750000 | Loss: 0.022066 | LR: 3.49e-05 | 125112.5s
  Step 586500/750000 | Loss: 0.022329 | LR: 3.47e-05 | 125195.6s
  Step 587000/750000 | Loss: 0.022326 | LR: 3.45e-05 | 125278.9s
  Step 587500/750000 | Loss: 0.021594 | LR: 3.43e-05 | 125362.2s
  Step 588000/750000 | Loss: 0.021557 | LR: 3.41e-05 | 125445.4s
  Step 588500/750000 | Loss: 0.021801 | LR: 3.39e-05 | 125528.5s
  Step 589000/750000 | Loss: 0.021572 | LR: 3.37e-05 | 125611.6s
  Step 589500/750000 | Loss: 0.021450 | LR: 3.35e-05 | 125694.5s
  Step 590000/750000 | Loss: 0.021375 | LR: 3.33e-05 | 125777.7s
  Step 590500/750000 | Loss: 0.021279 | LR: 3.31e-05 | 125860.8s
  Step 591000/750000 | Loss: 0.020889 | LR: 3.29e-05 | 125944.5s
  Step 591500/750000 | Loss: 0.021990 | LR: 3.28e-05 | 126027.2s
  Step 592000/750000 | Loss: 0.020982 | LR: 3.26e-05 | 126110.7s
  Step 592500/750000 | Loss: 0.021095 | LR: 3.24e-05 | 126194.4s
  Step 593000/750000 | Loss: 0.021095 | LR: 3.22e-05 | 126278.5s
  Step 593500/750000 | Loss: 0.021166 | LR: 3.20e-05 | 126362.4s
  Step 594000/750000 | Loss: 0.020911 | LR: 3.18e-05 | 126445.9s
  Step 594500/750000 | Loss: 0.020855 | LR: 3.16e-05 | 126529.7s
  Step 595000/750000 | Loss: 0.020070 | LR: 3.14e-05 | 126613.8s
  Step 595500/750000 | Loss: 0.020535 | LR: 3.12e-05 | 126697.4s
  Step 596000/750000 | Loss: 0.020699 | LR: 3.10e-05 | 126781.1s
  Step 596500/750000 | Loss: 0.021029 | LR: 3.09e-05 | 126864.8s
  Step 597000/750000 | Loss: 0.020885 | LR: 3.07e-05 | 126949.0s
  Step 597500/750000 | Loss: 0.021096 | LR: 3.05e-05 | 127032.7s
  Step 598000/750000 | Loss: 0.020798 | LR: 3.03e-05 | 127116.4s
  Step 598500/750000 | Loss: 0.021209 | LR: 3.01e-05 | 127199.8s
  Step 599000/750000 | Loss: 0.020475 | LR: 2.99e-05 | 127284.5s
  Step 599500/750000 | Loss: 0.020687 | LR: 2.97e-05 | 127367.5s
  Step 600000/750000 | Loss: 0.020441 | LR: 2.96e-05 | 127451.8s
  [val] step 600000/750000 | held-out sampled-action MAE (ddim5): 0.23882
  Step 600500/750000 | Loss: 0.020795 | LR: 2.94e-05 | 127545.0s
  Step 601000/750000 | Loss: 0.020505 | LR: 2.92e-05 | 127628.3s
  Step 601500/750000 | Loss: 0.020218 | LR: 2.90e-05 | 127712.1s
  Step 602000/750000 | Loss: 0.020537 | LR: 2.88e-05 | 127795.8s
  Step 602500/750000 | Loss: 0.020480 | LR: 2.86e-05 | 127880.4s
  Step 603000/750000 | Loss: 0.019780 | LR: 2.85e-05 | 127964.2s
  Step 603500/750000 | Loss: 0.019992 | LR: 2.83e-05 | 128048.6s
  Step 604000/750000 | Loss: 0.019748 | LR: 2.81e-05 | 128133.0s
  Step 604500/750000 | Loss: 0.020910 | LR: 2.79e-05 | 128217.3s
  Step 605000/750000 | Loss: 0.019967 | LR: 2.77e-05 | 128301.0s
  Step 605500/750000 | Loss: 0.020208 | LR: 2.76e-05 | 128384.0s
  Step 606000/750000 | Loss: 0.020259 | LR: 2.74e-05 | 128467.6s
  Step 606500/750000 | Loss: 0.020817 | LR: 2.72e-05 | 128551.2s
  Step 607000/750000 | Loss: 0.019582 | LR: 2.70e-05 | 128634.4s
  Step 607500/750000 | Loss: 0.020490 | LR: 2.69e-05 | 128717.4s
  Step 608000/750000 | Loss: 0.020048 | LR: 2.67e-05 | 128801.3s
  Step 608500/750000 | Loss: 0.019849 | LR: 2.65e-05 | 128886.1s
  Step 609000/750000 | Loss: 0.019761 | LR: 2.63e-05 | 128970.4s
  Step 609500/750000 | Loss: 0.020032 | LR: 2.62e-05 | 129053.6s
  Step 610000/750000 | Loss: 0.019853 | LR: 2.60e-05 | 129136.8s
  Step 610500/750000 | Loss: 0.019288 | LR: 2.58e-05 | 129219.6s
  Step 611000/750000 | Loss: 0.018950 | LR: 2.56e-05 | 129303.5s
  Step 611500/750000 | Loss: 0.019633 | LR: 2.55e-05 | 129387.1s
  Step 612000/750000 | Loss: 0.019014 | LR: 2.53e-05 | 129471.1s
  Step 612500/750000 | Loss: 0.019206 | LR: 2.51e-05 | 129554.5s
  Step 613000/750000 | Loss: 0.019351 | LR: 2.49e-05 | 129638.0s
  Step 613500/750000 | Loss: 0.018972 | LR: 2.48e-05 | 129721.3s
  Step 614000/750000 | Loss: 0.019376 | LR: 2.46e-05 | 129805.6s
  Step 614500/750000 | Loss: 0.018880 | LR: 2.44e-05 | 129888.8s
  Step 615000/750000 | Loss: 0.019103 | LR: 2.43e-05 | 129973.3s
  Step 615500/750000 | Loss: 0.018655 | LR: 2.41e-05 | 130057.8s
  Step 616000/750000 | Loss: 0.018643 | LR: 2.39e-05 | 130141.0s
  Step 616500/750000 | Loss: 0.019028 | LR: 2.38e-05 | 130224.5s
  Step 617000/750000 | Loss: 0.019178 | LR: 2.36e-05 | 130306.8s
  Step 617500/750000 | Loss: 0.019309 | LR: 2.34e-05 | 130389.1s
  Step 618000/750000 | Loss: 0.018674 | LR: 2.33e-05 | 130472.7s
  Step 618500/750000 | Loss: 0.018833 | LR: 2.31e-05 | 130557.0s
  Step 619000/750000 | Loss: 0.018441 | LR: 2.29e-05 | 130640.6s
  Step 619500/750000 | Loss: 0.018833 | LR: 2.28e-05 | 130725.2s
  Step 620000/750000 | Loss: 0.018849 | LR: 2.26e-05 | 130809.4s
  Step 620500/750000 | Loss: 0.018423 | LR: 2.25e-05 | 130894.1s
  Step 621000/750000 | Loss: 0.018617 | LR: 2.23e-05 | 130977.8s
  Step 621500/750000 | Loss: 0.019241 | LR: 2.21e-05 | 131061.9s
  Step 622000/750000 | Loss: 0.018421 | LR: 2.20e-05 | 131145.2s
  Step 622500/750000 | Loss: 0.019300 | LR: 2.18e-05 | 131228.1s
  Step 623000/750000 | Loss: 0.018390 | LR: 2.17e-05 | 131310.9s
  Step 623500/750000 | Loss: 0.017440 | LR: 2.15e-05 | 131394.7s
  Step 624000/750000 | Loss: 0.018989 | LR: 2.13e-05 | 131478.5s
  Step 624500/750000 | Loss: 0.018026 | LR: 2.12e-05 | 131563.1s
  Step 625000/750000 | Loss: 0.019170 | LR: 2.10e-05 | 131646.0s
  [val] step 625000/750000 | held-out sampled-action MAE (ddim5): 0.23911
  Step 625500/750000 | Loss: 0.018045 | LR: 2.09e-05 | 131738.4s
  Step 626000/750000 | Loss: 0.018085 | LR: 2.07e-05 | 131821.5s
  Step 626500/750000 | Loss: 0.018390 | LR: 2.06e-05 | 131905.7s
  Step 627000/750000 | Loss: 0.017971 | LR: 2.04e-05 | 131989.8s
  Step 627500/750000 | Loss: 0.017965 | LR: 2.03e-05 | 132073.4s
  Step 628000/750000 | Loss: 0.017643 | LR: 2.01e-05 | 132156.8s
  Step 628500/750000 | Loss: 0.017363 | LR: 1.99e-05 | 132240.1s
  Step 629000/750000 | Loss: 0.017860 | LR: 1.98e-05 | 132323.0s
  Step 629500/750000 | Loss: 0.018107 | LR: 1.96e-05 | 132406.8s
  Step 630000/750000 | Loss: 0.017888 | LR: 1.95e-05 | 132489.6s
  Step 630500/750000 | Loss: 0.017475 | LR: 1.93e-05 | 132573.6s
  Step 631000/750000 | Loss: 0.018000 | LR: 1.92e-05 | 132656.7s
  Step 631500/750000 | Loss: 0.017729 | LR: 1.90e-05 | 132739.8s
  Step 632000/750000 | Loss: 0.017445 | LR: 1.89e-05 | 132823.8s
  Step 632500/750000 | Loss: 0.018056 | LR: 1.87e-05 | 132906.7s
  Step 633000/750000 | Loss: 0.018190 | LR: 1.86e-05 | 132991.1s
  Step 633500/750000 | Loss: 0.017573 | LR: 1.85e-05 | 133074.8s
  Step 634000/750000 | Loss: 0.017308 | LR: 1.83e-05 | 133158.2s
  Step 634500/750000 | Loss: 0.018295 | LR: 1.82e-05 | 133241.5s
  Step 635000/750000 | Loss: 0.017512 | LR: 1.80e-05 | 133324.2s
  Step 635500/750000 | Loss: 0.018001 | LR: 1.79e-05 | 133407.4s
  Step 636000/750000 | Loss: 0.016815 | LR: 1.77e-05 | 133491.8s
  Step 636500/750000 | Loss: 0.017939 | LR: 1.76e-05 | 133575.6s
  Step 637000/750000 | Loss: 0.016630 | LR: 1.74e-05 | 133659.4s
  Step 637500/750000 | Loss: 0.017170 | LR: 1.73e-05 | 133743.1s
  Step 638000/750000 | Loss: 0.017467 | LR: 1.72e-05 | 133826.8s
  Step 638500/750000 | Loss: 0.017215 | LR: 1.70e-05 | 133910.0s
  Step 639000/750000 | Loss: 0.017110 | LR: 1.69e-05 | 133994.0s
  Step 639500/750000 | Loss: 0.017045 | LR: 1.67e-05 | 134077.6s
  Step 640000/750000 | Loss: 0.017536 | LR: 1.66e-05 | 134161.9s
  Step 640500/750000 | Loss: 0.017009 | LR: 1.65e-05 | 134245.1s
  Step 641000/750000 | Loss: 0.017534 | LR: 1.63e-05 | 134327.9s
  Step 641500/750000 | Loss: 0.017072 | LR: 1.62e-05 | 134412.4s
  Step 642000/750000 | Loss: 0.017067 | LR: 1.60e-05 | 134495.8s
  Step 642500/750000 | Loss: 0.018243 | LR: 1.59e-05 | 134578.6s
  Step 643000/750000 | Loss: 0.016252 | LR: 1.58e-05 | 134662.0s
  Step 643500/750000 | Loss: 0.016863 | LR: 1.56e-05 | 134746.2s
  Step 644000/750000 | Loss: 0.016808 | LR: 1.55e-05 | 134830.1s
  Step 644500/750000 | Loss: 0.016712 | LR: 1.54e-05 | 134913.5s
  Step 645000/750000 | Loss: 0.016218 | LR: 1.52e-05 | 134997.2s
  Step 645500/750000 | Loss: 0.016810 | LR: 1.51e-05 | 135081.1s
  Step 646000/750000 | Loss: 0.015860 | LR: 1.50e-05 | 135164.9s
  Step 646500/750000 | Loss: 0.016834 | LR: 1.48e-05 | 135248.5s
  Step 647000/750000 | Loss: 0.016405 | LR: 1.47e-05 | 135332.7s
  Step 647500/750000 | Loss: 0.016739 | LR: 1.46e-05 | 135416.8s
  Step 648000/750000 | Loss: 0.016781 | LR: 1.44e-05 | 135500.4s
  Step 648500/750000 | Loss: 0.015943 | LR: 1.43e-05 | 135584.2s
  Step 649000/750000 | Loss: 0.016603 | LR: 1.42e-05 | 135667.6s
  Step 649500/750000 | Loss: 0.016560 | LR: 1.41e-05 | 135751.9s
  Step 650000/750000 | Loss: 0.015796 | LR: 1.39e-05 | 135836.4s
  [val] step 650000/750000 | held-out sampled-action MAE (ddim5): 0.23978
  Step 650500/750000 | Loss: 0.016432 | LR: 1.38e-05 | 135929.4s
  Step 651000/750000 | Loss: 0.016477 | LR: 1.37e-05 | 136013.3s
  Step 651500/750000 | Loss: 0.016069 | LR: 1.35e-05 | 136097.6s
  Step 652000/750000 | Loss: 0.015639 | LR: 1.34e-05 | 136180.4s
  Step 652500/750000 | Loss: 0.016288 | LR: 1.33e-05 | 136263.5s
  Step 653000/750000 | Loss: 0.016182 | LR: 1.32e-05 | 136346.2s
  Step 653500/750000 | Loss: 0.016455 | LR: 1.30e-05 | 136429.5s
  Step 654000/750000 | Loss: 0.016199 | LR: 1.29e-05 | 136512.2s
  Step 654500/750000 | Loss: 0.015610 | LR: 1.28e-05 | 136596.4s
  Step 655000/750000 | Loss: 0.016572 | LR: 1.27e-05 | 136680.3s
  Step 655500/750000 | Loss: 0.016399 | LR: 1.26e-05 | 136762.3s
  Step 656000/750000 | Loss: 0.016316 | LR: 1.24e-05 | 136843.7s
  Step 656500/750000 | Loss: 0.015489 | LR: 1.23e-05 | 136925.3s
  Step 657000/750000 | Loss: 0.016180 | LR: 1.22e-05 | 137006.0s
  Step 657500/750000 | Loss: 0.015614 | LR: 1.21e-05 | 137087.9s
  Step 658000/750000 | Loss: 0.015526 | LR: 1.20e-05 | 137168.1s
  Step 658500/750000 | Loss: 0.015187 | LR: 1.18e-05 | 137248.6s
  Step 659000/750000 | Loss: 0.016307 | LR: 1.17e-05 | 137332.3s
  Step 659500/750000 | Loss: 0.015780 | LR: 1.16e-05 | 137415.0s
  Step 660000/750000 | Loss: 0.015690 | LR: 1.15e-05 | 137497.6s
  Step 660500/750000 | Loss: 0.016204 | LR: 1.14e-05 | 137579.4s
  Step 661000/750000 | Loss: 0.015946 | LR: 1.13e-05 | 137663.1s
  Step 661500/750000 | Loss: 0.016170 | LR: 1.12e-05 | 137747.2s
  Step 662000/750000 | Loss: 0.016136 | LR: 1.10e-05 | 137829.5s
  Step 662500/750000 | Loss: 0.015071 | LR: 1.09e-05 | 137913.5s
  Step 663000/750000 | Loss: 0.015028 | LR: 1.08e-05 | 137995.0s
  Step 663500/750000 | Loss: 0.015828 | LR: 1.07e-05 | 138076.6s
  Step 664000/750000 | Loss: 0.016445 | LR: 1.06e-05 | 138159.1s
  Step 664500/750000 | Loss: 0.015449 | LR: 1.05e-05 | 138241.3s
  Step 665000/750000 | Loss: 0.015214 | LR: 1.04e-05 | 138321.4s
  Step 665500/750000 | Loss: 0.015367 | LR: 1.03e-05 | 138404.3s
  Step 666000/750000 | Loss: 0.015822 | LR: 1.02e-05 | 138483.6s
  Step 666500/750000 | Loss: 0.015496 | LR: 1.01e-05 | 138563.5s
  Step 667000/750000 | Loss: 0.015465 | LR: 9.94e-06 | 138640.9s
  Step 667500/750000 | Loss: 0.015270 | LR: 9.84e-06 | 138717.0s
  Step 668000/750000 | Loss: 0.014895 | LR: 9.73e-06 | 138791.3s
  Step 668500/750000 | Loss: 0.015127 | LR: 9.63e-06 | 138866.3s
  Step 669000/750000 | Loss: 0.015068 | LR: 9.52e-06 | 138947.9s
  Step 669500/750000 | Loss: 0.015233 | LR: 9.42e-06 | 139029.3s
  Step 670000/750000 | Loss: 0.015643 | LR: 9.32e-06 | 139111.6s
  Step 670500/750000 | Loss: 0.015739 | LR: 9.21e-06 | 139194.4s
  Step 671000/750000 | Loss: 0.015140 | LR: 9.11e-06 | 139277.5s
  Step 671500/750000 | Loss: 0.015429 | LR: 9.01e-06 | 139360.4s
  Step 672000/750000 | Loss: 0.014942 | LR: 8.91e-06 | 139444.2s
  Step 672500/750000 | Loss: 0.014700 | LR: 8.81e-06 | 139527.2s
  Step 673000/750000 | Loss: 0.014714 | LR: 8.71e-06 | 139610.1s
  Step 673500/750000 | Loss: 0.015641 | LR: 8.61e-06 | 139693.0s
  Step 674000/750000 | Loss: 0.015242 | LR: 8.51e-06 | 139776.0s
  Step 674500/750000 | Loss: 0.015019 | LR: 8.41e-06 | 139858.9s
  Step 675000/750000 | Loss: 0.014867 | LR: 8.32e-06 | 139940.5s
  [val] step 675000/750000 | held-out sampled-action MAE (ddim5): 0.23990
  Step 675500/750000 | Loss: 0.015229 | LR: 8.22e-06 | 140032.9s
  Step 676000/750000 | Loss: 0.015047 | LR: 8.12e-06 | 140113.9s
  Step 676500/750000 | Loss: 0.015095 | LR: 8.03e-06 | 140196.5s
  Step 677000/750000 | Loss: 0.015133 | LR: 7.94e-06 | 140278.6s
  Step 677500/750000 | Loss: 0.014802 | LR: 7.84e-06 | 140358.5s
  Step 678000/750000 | Loss: 0.014962 | LR: 7.75e-06 | 140438.1s
  Step 678500/750000 | Loss: 0.014650 | LR: 7.66e-06 | 140516.4s
  Step 679000/750000 | Loss: 0.015261 | LR: 7.56e-06 | 140597.3s
  Step 679500/750000 | Loss: 0.014877 | LR: 7.47e-06 | 140680.6s
  Step 680000/750000 | Loss: 0.015018 | LR: 7.38e-06 | 140759.8s
  Step 680500/750000 | Loss: 0.014649 | LR: 7.29e-06 | 140840.8s
  Step 681000/750000 | Loss: 0.014362 | LR: 7.20e-06 | 140922.6s
  Step 681500/750000 | Loss: 0.014846 | LR: 7.11e-06 | 141003.3s
  Step 682000/750000 | Loss: 0.014456 | LR: 7.02e-06 | 141085.7s
  Step 682500/750000 | Loss: 0.014502 | LR: 6.94e-06 | 141168.0s
  Step 683000/750000 | Loss: 0.014708 | LR: 6.85e-06 | 141250.6s
  Step 683500/750000 | Loss: 0.014484 | LR: 6.76e-06 | 141333.5s
  Step 684000/750000 | Loss: 0.013874 | LR: 6.68e-06 | 141415.8s
  Step 684500/750000 | Loss: 0.014369 | LR: 6.59e-06 | 141495.7s
  Step 685000/750000 | Loss: 0.014712 | LR: 6.51e-06 | 141576.9s
  Step 685500/750000 | Loss: 0.014557 | LR: 6.42e-06 | 141658.3s
  Step 686000/750000 | Loss: 0.014400 | LR: 6.34e-06 | 141738.1s
  Step 686500/750000 | Loss: 0.014417 | LR: 6.26e-06 | 141819.7s
  Step 687000/750000 | Loss: 0.014130 | LR: 6.18e-06 | 141897.6s
  Step 687500/750000 | Loss: 0.014368 | LR: 6.09e-06 | 141972.6s
  Step 688000/750000 | Loss: 0.014793 | LR: 6.01e-06 | 142050.7s
  Step 688500/750000 | Loss: 0.014177 | LR: 5.93e-06 | 142130.6s
  Step 689000/750000 | Loss: 0.014728 | LR: 5.85e-06 | 142210.0s
  Step 689500/750000 | Loss: 0.014328 | LR: 5.78e-06 | 142289.7s
  Step 690000/750000 | Loss: 0.014055 | LR: 5.70e-06 | 142371.1s
  Step 690500/750000 | Loss: 0.015188 | LR: 5.62e-06 | 142451.4s
  Step 691000/750000 | Loss: 0.014358 | LR: 5.54e-06 | 142532.7s
  Step 691500/750000 | Loss: 0.013574 | LR: 5.47e-06 | 142612.3s
  Step 692000/750000 | Loss: 0.014210 | LR: 5.39e-06 | 142693.2s
  Step 692500/750000 | Loss: 0.014004 | LR: 5.32e-06 | 142774.3s
  Step 693000/750000 | Loss: 0.014223 | LR: 5.24e-06 | 142854.1s
  Step 693500/750000 | Loss: 0.014455 | LR: 5.17e-06 | 142936.9s
  Step 694000/750000 | Loss: 0.014237 | LR: 5.09e-06 | 143019.2s
  Step 694500/750000 | Loss: 0.014208 | LR: 5.02e-06 | 143100.0s
  Step 695000/750000 | Loss: 0.014323 | LR: 4.95e-06 | 143182.5s
  Step 695500/750000 | Loss: 0.014262 | LR: 4.88e-06 | 143262.2s
  Step 696000/750000 | Loss: 0.014139 | LR: 4.81e-06 | 143341.1s
  Step 696500/750000 | Loss: 0.014245 | LR: 4.74e-06 | 143425.3s
  Step 697000/750000 | Loss: 0.013692 | LR: 4.67e-06 | 143507.5s
  Step 697500/750000 | Loss: 0.014109 | LR: 4.60e-06 | 143588.6s
  Step 698000/750000 | Loss: 0.013890 | LR: 4.53e-06 | 143670.5s
  Step 698500/750000 | Loss: 0.013309 | LR: 4.47e-06 | 143752.8s
  Step 699000/750000 | Loss: 0.014026 | LR: 4.40e-06 | 143834.3s
  Step 699500/750000 | Loss: 0.013986 | LR: 4.33e-06 | 143916.8s
  Step 700000/750000 | Loss: 0.013518 | LR: 4.27e-06 | 143996.8s
  [val] step 700000/750000 | held-out sampled-action MAE (ddim5): 0.23997
  Step 700500/750000 | Loss: 0.013853 | LR: 4.20e-06 | 144086.5s
  Step 701000/750000 | Loss: 0.013703 | LR: 4.14e-06 | 144167.7s
  Step 701500/750000 | Loss: 0.013551 | LR: 4.07e-06 | 144249.7s
  Step 702000/750000 | Loss: 0.013474 | LR: 4.01e-06 | 144327.8s
  Step 702500/750000 | Loss: 0.013897 | LR: 3.95e-06 | 144409.1s
  Step 703000/750000 | Loss: 0.013225 | LR: 3.89e-06 | 144489.9s
  Step 703500/750000 | Loss: 0.013962 | LR: 3.83e-06 | 144569.8s
  Step 704000/750000 | Loss: 0.014015 | LR: 3.77e-06 | 144647.0s
  Step 704500/750000 | Loss: 0.013916 | LR: 3.71e-06 | 144724.8s
  Step 705000/750000 | Loss: 0.013922 | LR: 3.65e-06 | 144803.3s
  Step 705500/750000 | Loss: 0.014021 | LR: 3.59e-06 | 144883.3s
  Step 706000/750000 | Loss: 0.013875 | LR: 3.53e-06 | 144964.3s
  Step 706500/750000 | Loss: 0.014154 | LR: 3.47e-06 | 145043.4s
  Step 707000/750000 | Loss: 0.014338 | LR: 3.42e-06 | 145121.6s
  Step 707500/750000 | Loss: 0.014199 | LR: 3.36e-06 | 145202.3s
  Step 708000/750000 | Loss: 0.013967 | LR: 3.31e-06 | 145282.2s
  Step 708500/750000 | Loss: 0.013148 | LR: 3.25e-06 | 145362.2s
  Step 709000/750000 | Loss: 0.013845 | LR: 3.20e-06 | 145442.8s
  Step 709500/750000 | Loss: 0.013444 | LR: 3.15e-06 | 145523.7s
  Step 710000/750000 | Loss: 0.013712 | LR: 3.09e-06 | 145600.9s
  Step 710500/750000 | Loss: 0.013755 | LR: 3.04e-06 | 145679.0s
  Step 711000/750000 | Loss: 0.013705 | LR: 2.99e-06 | 145755.0s
  Step 711500/750000 | Loss: 0.013726 | LR: 2.94e-06 | 145830.0s
  Step 712000/750000 | Loss: 0.013637 | LR: 2.89e-06 | 145904.7s
  Step 712500/750000 | Loss: 0.014089 | LR: 2.84e-06 | 145981.7s
  Step 713000/750000 | Loss: 0.014121 | LR: 2.79e-06 | 146060.7s
  Step 713500/750000 | Loss: 0.014216 | LR: 2.74e-06 | 146145.1s
  Step 714000/750000 | Loss: 0.013575 | LR: 2.70e-06 | 146229.3s
  Step 714500/750000 | Loss: 0.013413 | LR: 2.65e-06 | 146311.5s
  Step 715000/750000 | Loss: 0.013514 | LR: 2.60e-06 | 146393.2s
  Step 715500/750000 | Loss: 0.013256 | LR: 2.56e-06 | 146471.8s
  Step 716000/750000 | Loss: 0.013712 | LR: 2.51e-06 | 146546.3s
  Step 716500/750000 | Loss: 0.014115 | LR: 2.47e-06 | 146622.0s
  Step 717000/750000 | Loss: 0.013112 | LR: 2.43e-06 | 146696.6s
  Step 717500/750000 | Loss: 0.013594 | LR: 2.38e-06 | 146770.8s
  Step 718000/750000 | Loss: 0.013393 | LR: 2.34e-06 | 146850.2s
  Step 718500/750000 | Loss: 0.014081 | LR: 2.30e-06 | 146932.5s
  Step 719000/750000 | Loss: 0.013502 | LR: 2.26e-06 | 147012.5s
  Step 719500/750000 | Loss: 0.013788 | LR: 2.22e-06 | 147093.3s
  Step 720000/750000 | Loss: 0.013559 | LR: 2.18e-06 | 147175.8s
  Step 720500/750000 | Loss: 0.013357 | LR: 2.14e-06 | 147255.9s
  Step 721000/750000 | Loss: 0.013009 | LR: 2.10e-06 | 147335.0s
  Step 721500/750000 | Loss: 0.013655 | LR: 2.06e-06 | 147410.8s
  Step 722000/750000 | Loss: 0.013203 | LR: 2.03e-06 | 147487.7s
  Step 722500/750000 | Loss: 0.013377 | LR: 1.99e-06 | 147568.1s
  Step 723000/750000 | Loss: 0.013058 | LR: 1.96e-06 | 147647.9s
  Step 723500/750000 | Loss: 0.013605 | LR: 1.92e-06 | 147727.3s
  Step 724000/750000 | Loss: 0.013617 | LR: 1.89e-06 | 147809.2s
  Step 724500/750000 | Loss: 0.013131 | LR: 1.85e-06 | 147891.7s
  Step 725000/750000 | Loss: 0.013352 | LR: 1.82e-06 | 147975.6s
  [val] step 725000/750000 | held-out sampled-action MAE (ddim5): 0.23975
  Step 725500/750000 | Loss: 0.013015 | LR: 1.79e-06 | 148065.9s
  Step 726000/750000 | Loss: 0.013790 | LR: 1.75e-06 | 148147.1s
  Step 726500/750000 | Loss: 0.013081 | LR: 1.72e-06 | 148226.2s
  Step 727000/750000 | Loss: 0.013423 | LR: 1.69e-06 | 148306.8s
  Step 727500/750000 | Loss: 0.013528 | LR: 1.66e-06 | 148385.2s
  Step 728000/750000 | Loss: 0.013378 | LR: 1.63e-06 | 148461.1s
  Step 728500/750000 | Loss: 0.013754 | LR: 1.61e-06 | 148536.6s
  Step 729000/750000 | Loss: 0.014050 | LR: 1.58e-06 | 148614.5s
  Step 729500/750000 | Loss: 0.013081 | LR: 1.55e-06 | 148693.4s
  Step 730000/750000 | Loss: 0.013227 | LR: 1.52e-06 | 148772.7s
  Step 730500/750000 | Loss: 0.013510 | LR: 1.50e-06 | 148849.2s
  Step 731000/750000 | Loss: 0.012854 | LR: 1.47e-06 | 148924.3s
  Step 731500/750000 | Loss: 0.013228 | LR: 1.45e-06 | 149001.0s
  Step 732000/750000 | Loss: 0.013563 | LR: 1.42e-06 | 149081.4s
  Step 732500/750000 | Loss: 0.013697 | LR: 1.40e-06 | 149160.0s
  Step 733000/750000 | Loss: 0.013757 | LR: 1.38e-06 | 149240.0s
  Step 733500/750000 | Loss: 0.012775 | LR: 1.36e-06 | 149320.0s
  Step 734000/750000 | Loss: 0.013627 | LR: 1.34e-06 | 149401.0s
  Step 734500/750000 | Loss: 0.013060 | LR: 1.31e-06 | 149482.2s
  Step 735000/750000 | Loss: 0.013239 | LR: 1.30e-06 | 149563.3s
  Step 735500/750000 | Loss: 0.013120 | LR: 1.28e-06 | 149640.4s
  Step 736000/750000 | Loss: 0.013712 | LR: 1.26e-06 | 149717.3s
  Step 736500/750000 | Loss: 0.013758 | LR: 1.24e-06 | 149797.6s
  Step 737000/750000 | Loss: 0.013398 | LR: 1.22e-06 | 149875.9s
  Step 737500/750000 | Loss: 0.012961 | LR: 1.20e-06 | 149953.5s
  Step 738000/750000 | Loss: 0.013425 | LR: 1.19e-06 | 150034.8s
  Step 738500/750000 | Loss: 0.013649 | LR: 1.17e-06 | 150115.8s
  Step 739000/750000 | Loss: 0.013380 | LR: 1.16e-06 | 150197.5s
  Step 739500/750000 | Loss: 0.012927 | LR: 1.14e-06 | 150277.2s
  Step 740000/750000 | Loss: 0.013429 | LR: 1.13e-06 | 150358.2s
  Step 740500/750000 | Loss: 0.012836 | LR: 1.12e-06 | 150438.1s
  Step 741000/750000 | Loss: 0.012999 | LR: 1.11e-06 | 150514.5s
  Step 741500/750000 | Loss: 0.013224 | LR: 1.09e-06 | 150595.3s
  Step 742000/750000 | Loss: 0.013440 | LR: 1.08e-06 | 150675.5s
  Step 742500/750000 | Loss: 0.012851 | LR: 1.07e-06 | 150755.8s
  Step 743000/750000 | Loss: 0.013448 | LR: 1.06e-06 | 150833.8s
  Step 743500/750000 | Loss: 0.013739 | LR: 1.06e-06 | 150913.8s
  Step 744000/750000 | Loss: 0.013040 | LR: 1.05e-06 | 150994.4s
  Step 744500/750000 | Loss: 0.013070 | LR: 1.04e-06 | 151074.5s
  Step 745000/750000 | Loss: 0.013228 | LR: 1.03e-06 | 151155.1s
  Step 745500/750000 | Loss: 0.013252 | LR: 1.03e-06 | 151229.4s
  Step 746000/750000 | Loss: 0.013579 | LR: 1.02e-06 | 151306.0s
  Step 746500/750000 | Loss: 0.013606 | LR: 1.02e-06 | 151388.3s
  Step 747000/750000 | Loss: 0.012902 | LR: 1.01e-06 | 151471.5s
  Step 747500/750000 | Loss: 0.013635 | LR: 1.01e-06 | 151553.5s
  Step 748000/750000 | Loss: 0.013527 | LR: 1.01e-06 | 151633.6s
  Step 748500/750000 | Loss: 0.013760 | LR: 1.00e-06 | 151714.3s
  Step 749000/750000 | Loss: 0.013326 | LR: 1.00e-06 | 151795.8s
  Step 749500/750000 | Loss: 0.013302 | LR: 1.00e-06 | 151877.2s
  Step 750000/750000 | Loss: 0.013095 | LR: 1.00e-06 | 151956.7s
  [val] step 750000/750000 | held-out sampled-action MAE (ddim5): 0.23974
Done in 2532.8 min. Final weights: /home1/halbertb/Q3CIBC/checkpoints/pusht_real_dp/e03_conv_s11/denoiser.pt (deploy with denoiser_ema.pt)
Same checkpoint serves both samplers: DDPM (T=100) and DDIM ([5, 10, 25] steps, eta=0.0).
==========================================
Done:    Sun Jul 26 09:34:38 PDT 2026
